case,ga_days,ac_mm,hc_mm,fl_mm,bpd_mm,sex,race,fgps_efw_g,fgps_who,fgps_nichd,fgps_intergrowth,fgps_hadlock,compare_who,compare_nichd,compare_intergrowth,compare_hadlock,note
no_bpd,154,167.8,192.1,36.9,,female,white,444.3,33.0,27.6,37.2,29.2,1,1,1,1,"three-parameter formula; matches what WHO, NICHD and INTERGROWTH pair with"
no_bpd,154,167.8,192.1,36.9,,male,white,444.3,20.2,27.6,37.2,29.2,1,1,1,1,"three-parameter formula; matches what WHO, NICHD and INTERGROWTH pair with"
no_bpd,154,167.8,192.1,36.9,,combined,white,444.3,26.0,27.6,37.2,29.2,1,1,1,1,"three-parameter formula; matches what WHO, NICHD and INTERGROWTH pair with"
no_bpd,154,167.8,192.1,36.9,,female,black,444.3,33.0,35.1,37.2,29.2,1,1,1,1,"three-parameter formula; matches what WHO, NICHD and INTERGROWTH pair with"
no_bpd,154,167.8,192.1,36.9,,male,black,444.3,20.2,35.1,37.2,29.2,1,1,1,1,"three-parameter formula; matches what WHO, NICHD and INTERGROWTH pair with"
no_bpd,154,167.8,192.1,36.9,,combined,black,444.3,26.0,35.1,37.2,29.2,1,1,1,1,"three-parameter formula; matches what WHO, NICHD and INTERGROWTH pair with"
no_bpd,154,167.8,192.1,36.9,,female,hispanic,444.3,33.0,36.8,37.2,29.2,1,1,1,1,"three-parameter formula; matches what WHO, NICHD and INTERGROWTH pair with"
no_bpd,154,167.8,192.1,36.9,,male,hispanic,444.3,20.2,36.8,37.2,29.2,1,1,1,1,"three-parameter formula; matches what WHO, NICHD and INTERGROWTH pair with"
no_bpd,154,167.8,192.1,36.9,,combined,hispanic,444.3,26.0,36.8,37.2,29.2,1,1,1,1,"three-parameter formula; matches what WHO, NICHD and INTERGROWTH pair with"
no_bpd,154,167.8,192.1,36.9,,female,asian,444.3,33.0,41.4,37.2,29.2,1,1,1,1,"three-parameter formula; matches what WHO, NICHD and INTERGROWTH pair with"
no_bpd,154,167.8,192.1,36.9,,male,asian,444.3,20.2,41.4,37.2,29.2,1,1,1,1,"three-parameter formula; matches what WHO, NICHD and INTERGROWTH pair with"
no_bpd,154,167.8,192.1,36.9,,combined,asian,444.3,26.0,41.4,37.2,29.2,1,1,1,1,"three-parameter formula; matches what WHO, NICHD and INTERGROWTH pair with"
no_bpd,154,173.0,198.0,38.0,,female,white,480.5,61.8,50.8,67.5,51.9,1,1,1,1,"three-parameter formula; matches what WHO, NICHD and INTERGROWTH pair with"
no_bpd,154,173.0,198.0,38.0,,male,white,480.5,45.1,50.8,67.5,51.9,1,1,1,1,"three-parameter formula; matches what WHO, NICHD and INTERGROWTH pair with"
no_bpd,154,173.0,198.0,38.0,,combined,white,480.5,53.1,50.8,67.5,51.9,1,1,1,1,"three-parameter formula; matches what WHO, NICHD and INTERGROWTH pair with"
no_bpd,154,173.0,198.0,38.0,,female,black,480.5,61.8,57.8,67.5,51.9,1,1,1,1,"three-parameter formula; matches what WHO, NICHD and INTERGROWTH pair with"
no_bpd,154,173.0,198.0,38.0,,male,black,480.5,45.1,57.8,67.5,51.9,1,1,1,1,"three-parameter formula; matches what WHO, NICHD and INTERGROWTH pair with"
no_bpd,154,173.0,198.0,38.0,,combined,black,480.5,53.1,57.8,67.5,51.9,1,1,1,1,"three-parameter formula; matches what WHO, NICHD and INTERGROWTH pair with"
no_bpd,154,173.0,198.0,38.0,,female,hispanic,480.5,61.8,57.4,67.5,51.9,1,1,1,1,"three-parameter formula; matches what WHO, NICHD and INTERGROWTH pair with"
no_bpd,154,173.0,198.0,38.0,,male,hispanic,480.5,45.1,57.4,67.5,51.9,1,1,1,1,"three-parameter formula; matches what WHO, NICHD and INTERGROWTH pair with"
no_bpd,154,173.0,198.0,38.0,,combined,hispanic,480.5,53.1,57.4,67.5,51.9,1,1,1,1,"three-parameter formula; matches what WHO, NICHD and INTERGROWTH pair with"
no_bpd,154,173.0,198.0,38.0,,female,asian,480.5,61.8,62.2,67.5,51.9,1,1,1,1,"three-parameter formula; matches what WHO, NICHD and INTERGROWTH pair with"
no_bpd,154,173.0,198.0,38.0,,male,asian,480.5,45.1,62.2,67.5,51.9,1,1,1,1,"three-parameter formula; matches what WHO, NICHD and INTERGROWTH pair with"
no_bpd,154,173.0,198.0,38.0,,combined,asian,480.5,53.1,62.2,67.5,51.9,1,1,1,1,"three-parameter formula; matches what WHO, NICHD and INTERGROWTH pair with"
no_bpd,154,178.2,203.9,39.1,,female,white,519.2,84.8,72.3,88.5,75.4,1,1,1,1,"three-parameter formula; matches what WHO, NICHD and INTERGROWTH pair with"
no_bpd,154,178.2,203.9,39.1,,male,white,519.2,73.0,72.3,88.5,75.4,1,1,1,1,"three-parameter formula; matches what WHO, NICHD and INTERGROWTH pair with"
no_bpd,154,178.2,203.9,39.1,,combined,white,519.2,78.0,72.3,88.5,75.4,1,1,1,1,"three-parameter formula; matches what WHO, NICHD and INTERGROWTH pair with"
no_bpd,154,178.2,203.9,39.1,,female,black,519.2,84.8,80.3,88.5,75.4,1,1,1,1,"three-parameter formula; matches what WHO, NICHD and INTERGROWTH pair with"
no_bpd,154,178.2,203.9,39.1,,male,black,519.2,73.0,80.3,88.5,75.4,1,1,1,1,"three-parameter formula; matches what WHO, NICHD and INTERGROWTH pair with"
no_bpd,154,178.2,203.9,39.1,,combined,black,519.2,78.0,80.3,88.5,75.4,1,1,1,1,"three-parameter formula; matches what WHO, NICHD and INTERGROWTH pair with"
no_bpd,154,178.2,203.9,39.1,,female,hispanic,519.2,84.8,77.3,88.5,75.4,1,1,1,1,"three-parameter formula; matches what WHO, NICHD and INTERGROWTH pair with"
no_bpd,154,178.2,203.9,39.1,,male,hispanic,519.2,73.0,77.3,88.5,75.4,1,1,1,1,"three-parameter formula; matches what WHO, NICHD and INTERGROWTH pair with"
no_bpd,154,178.2,203.9,39.1,,combined,hispanic,519.2,78.0,77.3,88.5,75.4,1,1,1,1,"three-parameter formula; matches what WHO, NICHD and INTERGROWTH pair with"
no_bpd,154,178.2,203.9,39.1,,female,asian,519.2,84.8,83.1,88.5,75.4,1,1,1,1,"three-parameter formula; matches what WHO, NICHD and INTERGROWTH pair with"
no_bpd,154,178.2,203.9,39.1,,male,asian,519.2,73.0,83.1,88.5,75.4,1,1,1,1,"three-parameter formula; matches what WHO, NICHD and INTERGROWTH pair with"
no_bpd,154,178.2,203.9,39.1,,combined,asian,519.2,78.0,83.1,88.5,75.4,1,1,1,1,"three-parameter formula; matches what WHO, NICHD and INTERGROWTH pair with"
no_bpd,157,172.8,197.0,37.9,,female,white,477.5,59.6,49.0,38.0,28.5,1,1,1,1,"three-parameter formula; matches what WHO, NICHD and INTERGROWTH pair with"
no_bpd,157,172.8,197.0,37.9,,male,white,477.5,42.8,49.0,38.0,28.5,1,1,1,1,"three-parameter formula; matches what WHO, NICHD and INTERGROWTH pair with"
no_bpd,157,172.8,197.0,37.9,,combined,white,477.5,51.0,49.0,38.0,28.5,1,1,1,1,"three-parameter formula; matches what WHO, NICHD and INTERGROWTH pair with"
no_bpd,157,172.8,197.0,37.9,,female,black,477.5,59.6,56.1,38.0,28.5,1,1,1,1,"three-parameter formula; matches what WHO, NICHD and INTERGROWTH pair with"
no_bpd,157,172.8,197.0,37.9,,male,black,477.5,42.8,56.1,38.0,28.5,1,1,1,1,"three-parameter formula; matches what WHO, NICHD and INTERGROWTH pair with"
no_bpd,157,172.8,197.0,37.9,,combined,black,477.5,51.0,56.1,38.0,28.5,1,1,1,1,"three-parameter formula; matches what WHO, NICHD and INTERGROWTH pair with"
no_bpd,157,172.8,197.0,37.9,,female,hispanic,477.5,59.6,55.9,38.0,28.5,1,1,1,1,"three-parameter formula; matches what WHO, NICHD and INTERGROWTH pair with"
no_bpd,157,172.8,197.0,37.9,,male,hispanic,477.5,42.8,55.9,38.0,28.5,1,1,1,1,"three-parameter formula; matches what WHO, NICHD and INTERGROWTH pair with"
no_bpd,157,172.8,197.0,37.9,,combined,hispanic,477.5,51.0,55.9,38.0,28.5,1,1,1,1,"three-parameter formula; matches what WHO, NICHD and INTERGROWTH pair with"
no_bpd,157,172.8,197.0,37.9,,female,asian,477.5,59.6,60.5,38.0,28.5,1,1,1,1,"three-parameter formula; matches what WHO, NICHD and INTERGROWTH pair with"
no_bpd,157,172.8,197.0,37.9,,male,asian,477.5,42.8,60.5,38.0,28.5,1,1,1,1,"three-parameter formula; matches what WHO, NICHD and INTERGROWTH pair with"
no_bpd,157,172.8,197.0,37.9,,combined,asian,477.5,51.0,60.5,38.0,28.5,1,1,1,1,"three-parameter formula; matches what WHO, NICHD and INTERGROWTH pair with"
no_bpd,157,178.1,203.1,39.1,,female,white,517.8,84.1,71.6,68.2,51.9,1,1,1,1,"three-parameter formula; matches what WHO, NICHD and INTERGROWTH pair with"
no_bpd,157,178.1,203.1,39.1,,male,white,517.8,72.0,71.6,68.2,51.9,1,1,1,1,"three-parameter formula; matches what WHO, NICHD and INTERGROWTH pair with"
no_bpd,157,178.1,203.1,39.1,,combined,white,517.8,77.4,71.6,68.2,51.9,1,1,1,1,"three-parameter formula; matches what WHO, NICHD and INTERGROWTH pair with"
no_bpd,157,178.1,203.1,39.1,,female,black,517.8,84.1,79.4,68.2,51.9,1,1,1,1,"three-parameter formula; matches what WHO, NICHD and INTERGROWTH pair with"
no_bpd,157,178.1,203.1,39.1,,male,black,517.8,72.0,79.4,68.2,51.9,1,1,1,1,"three-parameter formula; matches what WHO, NICHD and INTERGROWTH pair with"
no_bpd,157,178.1,203.1,39.1,,combined,black,517.8,77.4,79.4,68.2,51.9,1,1,1,1,"three-parameter formula; matches what WHO, NICHD and INTERGROWTH pair with"
no_bpd,157,178.1,203.1,39.1,,female,hispanic,517.8,84.1,76.6,68.2,51.9,1,1,1,1,"three-parameter formula; matches what WHO, NICHD and INTERGROWTH pair with"
no_bpd,157,178.1,203.1,39.1,,male,hispanic,517.8,72.0,76.6,68.2,51.9,1,1,1,1,"three-parameter formula; matches what WHO, NICHD and INTERGROWTH pair with"
no_bpd,157,178.1,203.1,39.1,,combined,hispanic,517.8,77.4,76.6,68.2,51.9,1,1,1,1,"three-parameter formula; matches what WHO, NICHD and INTERGROWTH pair with"
no_bpd,157,178.1,203.1,39.1,,female,asian,517.8,84.1,82.3,68.2,51.9,1,1,1,1,"three-parameter formula; matches what WHO, NICHD and INTERGROWTH pair with"
no_bpd,157,178.1,203.1,39.1,,male,asian,517.8,72.0,82.3,68.2,51.9,1,1,1,1,"three-parameter formula; matches what WHO, NICHD and INTERGROWTH pair with"
no_bpd,157,178.1,203.1,39.1,,combined,asian,517.8,77.4,82.3,68.2,51.9,1,1,1,1,"three-parameter formula; matches what WHO, NICHD and INTERGROWTH pair with"
no_bpd,157,183.5,209.2,40.2,,female,white,560.1,95.6,92.1,89.0,75.6,0,1,1,1,"three-parameter formula; matches what WHO, NICHD and INTERGROWTH pair with; WHO comparison excluded: EFW outside the tabulated centile band, where FetalGPSX and FetalGPSR disagree with each other"
no_bpd,157,183.5,209.2,40.2,,male,white,560.1,89.7,92.1,89.0,75.6,1,1,1,1,"three-parameter formula; matches what WHO, NICHD and INTERGROWTH pair with"
no_bpd,157,183.5,209.2,40.2,,combined,white,560.1,92.2,92.1,89.0,75.6,1,1,1,1,"three-parameter formula; matches what WHO, NICHD and INTERGROWTH pair with"
no_bpd,157,183.5,209.2,40.2,,female,black,560.1,95.6,95.3,89.0,75.6,0,1,1,1,"three-parameter formula; matches what WHO, NICHD and INTERGROWTH pair with; WHO comparison excluded: EFW outside the tabulated centile band, where FetalGPSX and FetalGPSR disagree with each other"
no_bpd,157,183.5,209.2,40.2,,male,black,560.1,89.7,95.3,89.0,75.6,1,1,1,1,"three-parameter formula; matches what WHO, NICHD and INTERGROWTH pair with"
no_bpd,157,183.5,209.2,40.2,,combined,black,560.1,92.2,95.3,89.0,75.6,1,1,1,1,"three-parameter formula; matches what WHO, NICHD and INTERGROWTH pair with"
no_bpd,157,183.5,209.2,40.2,,female,hispanic,560.1,95.6,93.4,89.0,75.6,0,1,1,1,"three-parameter formula; matches what WHO, NICHD and INTERGROWTH pair with; WHO comparison excluded: EFW outside the tabulated centile band, where FetalGPSX and FetalGPSR disagree with each other"
no_bpd,157,183.5,209.2,40.2,,male,hispanic,560.1,89.7,93.4,89.0,75.6,1,1,1,1,"three-parameter formula; matches what WHO, NICHD and INTERGROWTH pair with"
no_bpd,157,183.5,209.2,40.2,,combined,hispanic,560.1,92.2,93.4,89.0,75.6,1,1,1,1,"three-parameter formula; matches what WHO, NICHD and INTERGROWTH pair with"
no_bpd,157,183.5,209.2,40.2,,female,asian,560.1,95.6,95.5,89.0,75.6,0,1,1,1,"three-parameter formula; matches what WHO, NICHD and INTERGROWTH pair with; WHO comparison excluded: EFW outside the tabulated centile band, where FetalGPSX and FetalGPSR disagree with each other"
no_bpd,157,183.5,209.2,40.2,,male,asian,560.1,89.7,95.5,89.0,75.6,1,1,1,1,"three-parameter formula; matches what WHO, NICHD and INTERGROWTH pair with"
no_bpd,157,183.5,209.2,40.2,,combined,asian,560.1,92.2,95.5,89.0,75.6,1,1,1,1,"three-parameter formula; matches what WHO, NICHD and INTERGROWTH pair with"
no_bpd,168,191.1,215.3,41.7,,female,white,620.1,32.4,26.9,42.7,28.0,1,1,1,1,"three-parameter formula; matches what WHO, NICHD and INTERGROWTH pair with"
no_bpd,168,191.1,215.3,41.7,,male,white,620.1,19.8,26.9,42.7,28.0,1,1,1,1,"three-parameter formula; matches what WHO, NICHD and INTERGROWTH pair with"
no_bpd,168,191.1,215.3,41.7,,combined,white,620.1,26.1,26.9,42.7,28.0,1,1,1,1,"three-parameter formula; matches what WHO, NICHD and INTERGROWTH pair with"
no_bpd,168,191.1,215.3,41.7,,female,black,620.1,32.4,38.8,42.7,28.0,1,1,1,1,"three-parameter formula; matches what WHO, NICHD and INTERGROWTH pair with"
no_bpd,168,191.1,215.3,41.7,,male,black,620.1,19.8,38.8,42.7,28.0,1,1,1,1,"three-parameter formula; matches what WHO, NICHD and INTERGROWTH pair with"
no_bpd,168,191.1,215.3,41.7,,combined,black,620.1,26.1,38.8,42.7,28.0,1,1,1,1,"three-parameter formula; matches what WHO, NICHD and INTERGROWTH pair with"
no_bpd,168,191.1,215.3,41.7,,female,hispanic,620.1,32.4,38.3,42.7,28.0,1,1,1,1,"three-parameter formula; matches what WHO, NICHD and INTERGROWTH pair with"
no_bpd,168,191.1,215.3,41.7,,male,hispanic,620.1,19.8,38.3,42.7,28.0,1,1,1,1,"three-parameter formula; matches what WHO, NICHD and INTERGROWTH pair with"
no_bpd,168,191.1,215.3,41.7,,combined,hispanic,620.1,26.1,38.3,42.7,28.0,1,1,1,1,"three-parameter formula; matches what WHO, NICHD and INTERGROWTH pair with"
no_bpd,168,191.1,215.3,41.7,,female,asian,620.1,32.4,43.7,42.7,28.0,1,1,1,1,"three-parameter formula; matches what WHO, NICHD and INTERGROWTH pair with"
no_bpd,168,191.1,215.3,41.7,,male,asian,620.1,19.8,43.7,42.7,28.0,1,1,1,1,"three-parameter formula; matches what WHO, NICHD and INTERGROWTH pair with"
no_bpd,168,191.1,215.3,41.7,,combined,asian,620.1,26.1,43.7,42.7,28.0,1,1,1,1,"three-parameter formula; matches what WHO, NICHD and INTERGROWTH pair with"
no_bpd,168,197.0,222.0,43.0,,female,white,675.5,63.8,51.8,72.5,52.7,1,1,1,1,"three-parameter formula; matches what WHO, NICHD and INTERGROWTH pair with"
no_bpd,168,197.0,222.0,43.0,,male,white,675.5,47.0,51.8,72.5,52.7,1,1,1,1,"three-parameter formula; matches what WHO, NICHD and INTERGROWTH pair with"
no_bpd,168,197.0,222.0,43.0,,combined,white,675.5,55.3,51.8,72.5,52.7,1,1,1,1,"three-parameter formula; matches what WHO, NICHD and INTERGROWTH pair with"
no_bpd,168,197.0,222.0,43.0,,female,black,675.5,63.8,62.9,72.5,52.7,1,1,1,1,"three-parameter formula; matches what WHO, NICHD and INTERGROWTH pair with"
no_bpd,168,197.0,222.0,43.0,,male,black,675.5,47.0,62.9,72.5,52.7,1,1,1,1,"three-parameter formula; matches what WHO, NICHD and INTERGROWTH pair with"
no_bpd,168,197.0,222.0,43.0,,combined,black,675.5,55.3,62.9,72.5,52.7,1,1,1,1,"three-parameter formula; matches what WHO, NICHD and INTERGROWTH pair with"
no_bpd,168,197.0,222.0,43.0,,female,hispanic,675.5,63.8,60.6,72.5,52.7,1,1,1,1,"three-parameter formula; matches what WHO, NICHD and INTERGROWTH pair with"
no_bpd,168,197.0,222.0,43.0,,male,hispanic,675.5,47.0,60.6,72.5,52.7,1,1,1,1,"three-parameter formula; matches what WHO, NICHD and INTERGROWTH pair with"
no_bpd,168,197.0,222.0,43.0,,combined,hispanic,675.5,55.3,60.6,72.5,52.7,1,1,1,1,"three-parameter formula; matches what WHO, NICHD and INTERGROWTH pair with"
no_bpd,168,197.0,222.0,43.0,,female,asian,675.5,63.8,66.1,72.5,52.7,1,1,1,1,"three-parameter formula; matches what WHO, NICHD and INTERGROWTH pair with"
no_bpd,168,197.0,222.0,43.0,,male,asian,675.5,47.0,66.1,72.5,52.7,1,1,1,1,"three-parameter formula; matches what WHO, NICHD and INTERGROWTH pair with"
no_bpd,168,197.0,222.0,43.0,,combined,asian,675.5,55.3,66.1,72.5,52.7,1,1,1,1,"three-parameter formula; matches what WHO, NICHD and INTERGROWTH pair with"
no_bpd,168,202.9,228.7,44.3,,female,white,735.1,88.3,75.6,91.0,77.9,1,1,1,1,"three-parameter formula; matches what WHO, NICHD and INTERGROWTH pair with"
no_bpd,168,202.9,228.7,44.3,,male,white,735.1,76.4,75.6,91.0,77.9,1,1,1,1,"three-parameter formula; matches what WHO, NICHD and INTERGROWTH pair with"
no_bpd,168,202.9,228.7,44.3,,combined,white,735.1,81.0,75.6,91.0,77.9,1,1,1,1,"three-parameter formula; matches what WHO, NICHD and INTERGROWTH pair with"
no_bpd,168,202.9,228.7,44.3,,female,black,735.1,88.3,87.2,91.0,77.9,1,1,1,1,"three-parameter formula; matches what WHO, NICHD and INTERGROWTH pair with"
no_bpd,168,202.9,228.7,44.3,,male,black,735.1,76.4,87.2,91.0,77.9,1,1,1,1,"three-parameter formula; matches what WHO, NICHD and INTERGROWTH pair with"
no_bpd,168,202.9,228.7,44.3,,combined,black,735.1,81.0,87.2,91.0,77.9,1,1,1,1,"three-parameter formula; matches what WHO, NICHD and INTERGROWTH pair with"
no_bpd,168,202.9,228.7,44.3,,female,hispanic,735.1,88.3,82.6,91.0,77.9,1,1,1,1,"three-parameter formula; matches what WHO, NICHD and INTERGROWTH pair with"
no_bpd,168,202.9,228.7,44.3,,male,hispanic,735.1,76.4,82.6,91.0,77.9,1,1,1,1,"three-parameter formula; matches what WHO, NICHD and INTERGROWTH pair with"
no_bpd,168,202.9,228.7,44.3,,combined,hispanic,735.1,81.0,82.6,91.0,77.9,1,1,1,1,"three-parameter formula; matches what WHO, NICHD and INTERGROWTH pair with"
no_bpd,168,202.9,228.7,44.3,,female,asian,735.1,88.3,89.3,91.0,77.9,1,1,1,1,"three-parameter formula; matches what WHO, NICHD and INTERGROWTH pair with"
no_bpd,168,202.9,228.7,44.3,,male,asian,735.1,76.4,89.3,91.0,77.9,1,1,1,1,"three-parameter formula; matches what WHO, NICHD and INTERGROWTH pair with"
no_bpd,168,202.9,228.7,44.3,,combined,asian,735.1,81.0,89.3,91.0,77.9,1,1,1,1,"three-parameter formula; matches what WHO, NICHD and INTERGROWTH pair with"
no_bpd,182,212.4,236.7,46.6,,female,white,837.9,31.5,25.6,41.6,25.8,1,1,1,1,"three-parameter formula; matches what WHO, NICHD and INTERGROWTH pair with"
no_bpd,182,212.4,236.7,46.6,,male,white,837.9,19.2,25.6,41.6,25.8,1,1,1,1,"three-parameter formula; matches what WHO, NICHD and INTERGROWTH pair with"
no_bpd,182,212.4,236.7,46.6,,combined,white,837.9,25.0,25.6,41.6,25.8,1,1,1,1,"three-parameter formula; matches what WHO, NICHD and INTERGROWTH pair with"
no_bpd,182,212.4,236.7,46.6,,female,black,837.9,31.5,40.0,41.6,25.8,1,1,1,1,"three-parameter formula; matches what WHO, NICHD and INTERGROWTH pair with"
no_bpd,182,212.4,236.7,46.6,,male,black,837.9,19.2,40.0,41.6,25.8,1,1,1,1,"three-parameter formula; matches what WHO, NICHD and INTERGROWTH pair with"
no_bpd,182,212.4,236.7,46.6,,combined,black,837.9,25.0,40.0,41.6,25.8,1,1,1,1,"three-parameter formula; matches what WHO, NICHD and INTERGROWTH pair with"
no_bpd,182,212.4,236.7,46.6,,female,hispanic,837.9,31.5,38.2,41.6,25.8,1,1,1,1,"three-parameter formula; matches what WHO, NICHD and INTERGROWTH pair with"
no_bpd,182,212.4,236.7,46.6,,male,hispanic,837.9,19.2,38.2,41.6,25.8,1,1,1,1,"three-parameter formula; matches what WHO, NICHD and INTERGROWTH pair with"
no_bpd,182,212.4,236.7,46.6,,combined,hispanic,837.9,25.0,38.2,41.6,25.8,1,1,1,1,"three-parameter formula; matches what WHO, NICHD and INTERGROWTH pair with"
no_bpd,182,212.4,236.7,46.6,,female,asian,837.9,31.5,42.9,41.6,25.8,1,1,1,1,"three-parameter formula; matches what WHO, NICHD and INTERGROWTH pair with"
no_bpd,182,212.4,236.7,46.6,,male,asian,837.9,19.2,42.9,41.6,25.8,1,1,1,1,"three-parameter formula; matches what WHO, NICHD and INTERGROWTH pair with"
no_bpd,182,212.4,236.7,46.6,,combined,asian,837.9,25.0,42.9,41.6,25.8,1,1,1,1,"three-parameter formula; matches what WHO, NICHD and INTERGROWTH pair with"
no_bpd,182,219.0,244.0,48.0,,female,white,916.2,63.7,51.5,71.3,51.0,1,1,1,1,"three-parameter formula; matches what WHO, NICHD and INTERGROWTH pair with"
no_bpd,182,219.0,244.0,48.0,,male,white,916.2,47.3,51.5,71.3,51.0,1,1,1,1,"three-parameter formula; matches what WHO, NICHD and INTERGROWTH pair with"
no_bpd,182,219.0,244.0,48.0,,combined,white,916.2,55.1,51.5,71.3,51.0,1,1,1,1,"three-parameter formula; matches what WHO, NICHD and INTERGROWTH pair with"
no_bpd,182,219.0,244.0,48.0,,female,black,916.2,63.7,64.8,71.3,51.0,1,1,1,1,"three-parameter formula; matches what WHO, NICHD and INTERGROWTH pair with"
no_bpd,182,219.0,244.0,48.0,,male,black,916.2,47.3,64.8,71.3,51.0,1,1,1,1,"three-parameter formula; matches what WHO, NICHD and INTERGROWTH pair with"
no_bpd,182,219.0,244.0,48.0,,combined,black,916.2,55.1,64.8,71.3,51.0,1,1,1,1,"three-parameter formula; matches what WHO, NICHD and INTERGROWTH pair with"
no_bpd,182,219.0,244.0,48.0,,female,hispanic,916.2,63.7,61.1,71.3,51.0,1,1,1,1,"three-parameter formula; matches what WHO, NICHD and INTERGROWTH pair with"
no_bpd,182,219.0,244.0,48.0,,male,hispanic,916.2,47.3,61.1,71.3,51.0,1,1,1,1,"three-parameter formula; matches what WHO, NICHD and INTERGROWTH pair with"
no_bpd,182,219.0,244.0,48.0,,combined,hispanic,916.2,55.1,61.1,71.3,51.0,1,1,1,1,"three-parameter formula; matches what WHO, NICHD and INTERGROWTH pair with"
no_bpd,182,219.0,244.0,48.0,,female,asian,916.2,63.7,66.6,71.3,51.0,1,1,1,1,"three-parameter formula; matches what WHO, NICHD and INTERGROWTH pair with"
no_bpd,182,219.0,244.0,48.0,,male,asian,916.2,47.3,66.6,71.3,51.0,1,1,1,1,"three-parameter formula; matches what WHO, NICHD and INTERGROWTH pair with"
no_bpd,182,219.0,244.0,48.0,,combined,asian,916.2,55.1,66.6,71.3,51.0,1,1,1,1,"three-parameter formula; matches what WHO, NICHD and INTERGROWTH pair with"
no_bpd,182,225.6,251.3,49.4,,female,white,1000.5,89.3,75.8,90.4,77.4,1,1,1,1,"three-parameter formula; matches what WHO, NICHD and INTERGROWTH pair with"
no_bpd,182,225.6,251.3,49.4,,male,white,1000.5,77.2,75.8,90.4,77.4,1,1,1,1,"three-parameter formula; matches what WHO, NICHD and INTERGROWTH pair with"
no_bpd,182,225.6,251.3,49.4,,combined,white,1000.5,81.6,75.8,90.4,77.4,1,1,1,1,"three-parameter formula; matches what WHO, NICHD and INTERGROWTH pair with"
no_bpd,182,225.6,251.3,49.4,,female,black,1000.5,89.3,90.1,90.4,77.4,1,1,1,1,"three-parameter formula; matches what WHO, NICHD and INTERGROWTH pair with"
no_bpd,182,225.6,251.3,49.4,,male,black,1000.5,77.2,90.1,90.4,77.4,1,1,1,1,"three-parameter formula; matches what WHO, NICHD and INTERGROWTH pair with"
no_bpd,182,225.6,251.3,49.4,,combined,black,1000.5,81.6,90.1,90.4,77.4,1,1,1,1,"three-parameter formula; matches what WHO, NICHD and INTERGROWTH pair with"
no_bpd,182,225.6,251.3,49.4,,female,hispanic,1000.5,89.3,83.9,90.4,77.4,1,1,1,1,"three-parameter formula; matches what WHO, NICHD and INTERGROWTH pair with"
no_bpd,182,225.6,251.3,49.4,,male,hispanic,1000.5,77.2,83.9,90.4,77.4,1,1,1,1,"three-parameter formula; matches what WHO, NICHD and INTERGROWTH pair with"
no_bpd,182,225.6,251.3,49.4,,combined,hispanic,1000.5,81.6,83.9,90.4,77.4,1,1,1,1,"three-parameter formula; matches what WHO, NICHD and INTERGROWTH pair with"
no_bpd,182,225.6,251.3,49.4,,female,asian,1000.5,89.3,90.4,90.4,77.4,1,1,1,1,"three-parameter formula; matches what WHO, NICHD and INTERGROWTH pair with"
no_bpd,182,225.6,251.3,49.4,,male,asian,1000.5,77.2,90.4,90.4,77.4,1,1,1,1,"three-parameter formula; matches what WHO, NICHD and INTERGROWTH pair with"
no_bpd,182,225.6,251.3,49.4,,combined,asian,1000.5,81.6,90.4,90.4,77.4,1,1,1,1,"three-parameter formula; matches what WHO, NICHD and INTERGROWTH pair with"
no_bpd,196,232.8,256.1,50.4,,female,white,1080.2,24.4,18.8,38.8,19.9,1,1,1,1,"three-parameter formula; matches what WHO, NICHD and INTERGROWTH pair with"
no_bpd,196,232.8,256.1,50.4,,male,white,1080.2,15.1,18.8,38.8,19.9,1,1,1,1,"three-parameter formula; matches what WHO, NICHD and INTERGROWTH pair with"
no_bpd,196,232.8,256.1,50.4,,combined,white,1080.2,20.7,18.8,38.8,19.9,1,1,1,1,"three-parameter formula; matches what WHO, NICHD and INTERGROWTH pair with"
no_bpd,196,232.8,256.1,50.4,,female,black,1080.2,24.4,34.7,38.8,19.9,1,1,1,1,"three-parameter formula; matches what WHO, NICHD and INTERGROWTH pair with"
no_bpd,196,232.8,256.1,50.4,,male,black,1080.2,15.1,34.7,38.8,19.9,1,1,1,1,"three-parameter formula; matches what WHO, NICHD and INTERGROWTH pair with"
no_bpd,196,232.8,256.1,50.4,,combined,black,1080.2,20.7,34.7,38.8,19.9,1,1,1,1,"three-parameter formula; matches what WHO, NICHD and INTERGROWTH pair with"
no_bpd,196,232.8,256.1,50.4,,female,hispanic,1080.2,24.4,32.1,38.8,19.9,1,1,1,1,"three-parameter formula; matches what WHO, NICHD and INTERGROWTH pair with"
no_bpd,196,232.8,256.1,50.4,,male,hispanic,1080.2,15.1,32.1,38.8,19.9,1,1,1,1,"three-parameter formula; matches what WHO, NICHD and INTERGROWTH pair with"
no_bpd,196,232.8,256.1,50.4,,combined,hispanic,1080.2,20.7,32.1,38.8,19.9,1,1,1,1,"three-parameter formula; matches what WHO, NICHD and INTERGROWTH pair with"
no_bpd,196,232.8,256.1,50.4,,female,asian,1080.2,24.4,35.9,38.8,19.9,1,1,1,1,"three-parameter formula; matches what WHO, NICHD and INTERGROWTH pair with"
no_bpd,196,232.8,256.1,50.4,,male,asian,1080.2,15.1,35.9,38.8,19.9,1,1,1,1,"three-parameter formula; matches what WHO, NICHD and INTERGROWTH pair with"
no_bpd,196,232.8,256.1,50.4,,combined,asian,1080.2,20.7,35.9,38.8,19.9,1,1,1,1,"three-parameter formula; matches what WHO, NICHD and INTERGROWTH pair with"
no_bpd,196,240.0,264.0,52.0,,female,white,1186.9,57.7,45.5,68.3,43.9,1,1,1,1,"three-parameter formula; matches what WHO, NICHD and INTERGROWTH pair with"
no_bpd,196,240.0,264.0,52.0,,male,white,1186.9,41.8,45.5,68.3,43.9,1,1,1,1,"three-parameter formula; matches what WHO, NICHD and INTERGROWTH pair with"
no_bpd,196,240.0,264.0,52.0,,combined,white,1186.9,49.4,45.5,68.3,43.9,1,1,1,1,"three-parameter formula; matches what WHO, NICHD and INTERGROWTH pair with"
no_bpd,196,240.0,264.0,52.0,,female,black,1186.9,57.7,60.8,68.3,43.9,1,1,1,1,"three-parameter formula; matches what WHO, NICHD and INTERGROWTH pair with"
no_bpd,196,240.0,264.0,52.0,,male,black,1186.9,41.8,60.8,68.3,43.9,1,1,1,1,"three-parameter formula; matches what WHO, NICHD and INTERGROWTH pair with"
no_bpd,196,240.0,264.0,52.0,,combined,black,1186.9,49.4,60.8,68.3,43.9,1,1,1,1,"three-parameter formula; matches what WHO, NICHD and INTERGROWTH pair with"
no_bpd,196,240.0,264.0,52.0,,female,hispanic,1186.9,57.7,56.3,68.3,43.9,1,1,1,1,"three-parameter formula; matches what WHO, NICHD and INTERGROWTH pair with"
no_bpd,196,240.0,264.0,52.0,,male,hispanic,1186.9,41.8,56.3,68.3,43.9,1,1,1,1,"three-parameter formula; matches what WHO, NICHD and INTERGROWTH pair with"
no_bpd,196,240.0,264.0,52.0,,combined,hispanic,1186.9,49.4,56.3,68.3,43.9,1,1,1,1,"three-parameter formula; matches what WHO, NICHD and INTERGROWTH pair with"
no_bpd,196,240.0,264.0,52.0,,female,asian,1186.9,57.7,61.2,68.3,43.9,1,1,1,1,"three-parameter formula; matches what WHO, NICHD and INTERGROWTH pair with"
no_bpd,196,240.0,264.0,52.0,,male,asian,1186.9,41.8,61.2,68.3,43.9,1,1,1,1,"three-parameter formula; matches what WHO, NICHD and INTERGROWTH pair with"
no_bpd,196,240.0,264.0,52.0,,combined,asian,1186.9,49.4,61.2,68.3,43.9,1,1,1,1,"three-parameter formula; matches what WHO, NICHD and INTERGROWTH pair with"
no_bpd,196,247.2,271.9,53.6,,female,white,1302.0,85.9,70.9,88.7,72.5,1,1,1,1,"three-parameter formula; matches what WHO, NICHD and INTERGROWTH pair with"
no_bpd,196,247.2,271.9,53.6,,male,white,1302.0,74.2,70.9,88.7,72.5,1,1,1,1,"three-parameter formula; matches what WHO, NICHD and INTERGROWTH pair with"
no_bpd,196,247.2,271.9,53.6,,combined,white,1302.0,78.9,70.9,88.7,72.5,1,1,1,1,"three-parameter formula; matches what WHO, NICHD and INTERGROWTH pair with"
no_bpd,196,247.2,271.9,53.6,,female,black,1302.0,85.9,86.6,88.7,72.5,1,1,1,1,"three-parameter formula; matches what WHO, NICHD and INTERGROWTH pair with"
no_bpd,196,247.2,271.9,53.6,,male,black,1302.0,74.2,86.6,88.7,72.5,1,1,1,1,"three-parameter formula; matches what WHO, NICHD and INTERGROWTH pair with"
no_bpd,196,247.2,271.9,53.6,,combined,black,1302.0,78.9,86.6,88.7,72.5,1,1,1,1,"three-parameter formula; matches what WHO, NICHD and INTERGROWTH pair with"
no_bpd,196,247.2,271.9,53.6,,female,hispanic,1302.0,85.9,79.6,88.7,72.5,1,1,1,1,"three-parameter formula; matches what WHO, NICHD and INTERGROWTH pair with"
no_bpd,196,247.2,271.9,53.6,,male,hispanic,1302.0,74.2,79.6,88.7,72.5,1,1,1,1,"three-parameter formula; matches what WHO, NICHD and INTERGROWTH pair with"
no_bpd,196,247.2,271.9,53.6,,combined,hispanic,1302.0,78.9,79.6,88.7,72.5,1,1,1,1,"three-parameter formula; matches what WHO, NICHD and INTERGROWTH pair with"
no_bpd,196,247.2,271.9,53.6,,female,asian,1302.0,85.9,86.5,88.7,72.5,1,1,1,1,"three-parameter formula; matches what WHO, NICHD and INTERGROWTH pair with"
no_bpd,196,247.2,271.9,53.6,,male,asian,1302.0,74.2,86.5,88.7,72.5,1,1,1,1,"three-parameter formula; matches what WHO, NICHD and INTERGROWTH pair with"
no_bpd,196,247.2,271.9,53.6,,combined,asian,1302.0,78.9,86.5,88.7,72.5,1,1,1,1,"three-parameter formula; matches what WHO, NICHD and INTERGROWTH pair with"
no_bpd,210,252.2,272.6,54.3,,female,white,1360.9,20.8,13.4,34.0,15.8,1,1,1,1,"three-parameter formula; matches what WHO, NICHD and INTERGROWTH pair with"
no_bpd,210,252.2,272.6,54.3,,male,white,1360.9,11.9,13.4,34.0,15.8,1,1,1,1,"three-parameter formula; matches what WHO, NICHD and INTERGROWTH pair with"
no_bpd,210,252.2,272.6,54.3,,combined,white,1360.9,17.4,13.4,34.0,15.8,1,1,1,1,"three-parameter formula; matches what WHO, NICHD and INTERGROWTH pair with"
no_bpd,210,252.2,272.6,54.3,,female,black,1360.9,20.8,29.7,34.0,15.8,1,1,1,1,"three-parameter formula; matches what WHO, NICHD and INTERGROWTH pair with"
no_bpd,210,252.2,272.6,54.3,,male,black,1360.9,11.9,29.7,34.0,15.8,1,1,1,1,"three-parameter formula; matches what WHO, NICHD and INTERGROWTH pair with"
no_bpd,210,252.2,272.6,54.3,,combined,black,1360.9,17.4,29.7,34.0,15.8,1,1,1,1,"three-parameter formula; matches what WHO, NICHD and INTERGROWTH pair with"
no_bpd,210,252.2,272.6,54.3,,female,hispanic,1360.9,20.8,26.5,34.0,15.8,1,1,1,1,"three-parameter formula; matches what WHO, NICHD and INTERGROWTH pair with"
no_bpd,210,252.2,272.6,54.3,,male,hispanic,1360.9,11.9,26.5,34.0,15.8,1,1,1,1,"three-parameter formula; matches what WHO, NICHD and INTERGROWTH pair with"
no_bpd,210,252.2,272.6,54.3,,combined,hispanic,1360.9,17.4,26.5,34.0,15.8,1,1,1,1,"three-parameter formula; matches what WHO, NICHD and INTERGROWTH pair with"
no_bpd,210,252.2,272.6,54.3,,female,asian,1360.9,20.8,29.9,34.0,15.8,1,1,1,1,"three-parameter formula; matches what WHO, NICHD and INTERGROWTH pair with"
no_bpd,210,252.2,272.6,54.3,,male,asian,1360.9,11.9,29.9,34.0,15.8,1,1,1,1,"three-parameter formula; matches what WHO, NICHD and INTERGROWTH pair with"
no_bpd,210,252.2,272.6,54.3,,combined,asian,1360.9,17.4,29.9,34.0,15.8,1,1,1,1,"three-parameter formula; matches what WHO, NICHD and INTERGROWTH pair with"
no_bpd,210,260.0,281.0,56.0,,female,white,1498.4,52.1,39.3,63.1,37.9,1,1,1,1,"three-parameter formula; matches what WHO, NICHD and INTERGROWTH pair with"
no_bpd,210,260.0,281.0,56.0,,male,white,1498.4,37.5,39.3,63.1,37.9,1,1,1,1,"three-parameter formula; matches what WHO, NICHD and INTERGROWTH pair with"
no_bpd,210,260.0,281.0,56.0,,combined,white,1498.4,44.6,39.3,63.1,37.9,1,1,1,1,"three-parameter formula; matches what WHO, NICHD and INTERGROWTH pair with"
no_bpd,210,260.0,281.0,56.0,,female,black,1498.4,52.1,56.1,63.1,37.9,1,1,1,1,"three-parameter formula; matches what WHO, NICHD and INTERGROWTH pair with"
no_bpd,210,260.0,281.0,56.0,,male,black,1498.4,37.5,56.1,63.1,37.9,1,1,1,1,"three-parameter formula; matches what WHO, NICHD and INTERGROWTH pair with"
no_bpd,210,260.0,281.0,56.0,,combined,black,1498.4,44.6,56.1,63.1,37.9,1,1,1,1,"three-parameter formula; matches what WHO, NICHD and INTERGROWTH pair with"
no_bpd,210,260.0,281.0,56.0,,female,hispanic,1498.4,52.1,51.3,63.1,37.9,1,1,1,1,"three-parameter formula; matches what WHO, NICHD and INTERGROWTH pair with"
no_bpd,210,260.0,281.0,56.0,,male,hispanic,1498.4,37.5,51.3,63.1,37.9,1,1,1,1,"three-parameter formula; matches what WHO, NICHD and INTERGROWTH pair with"
no_bpd,210,260.0,281.0,56.0,,combined,hispanic,1498.4,44.6,51.3,63.1,37.9,1,1,1,1,"three-parameter formula; matches what WHO, NICHD and INTERGROWTH pair with"
no_bpd,210,260.0,281.0,56.0,,female,asian,1498.4,52.1,56.0,63.1,37.9,1,1,1,1,"three-parameter formula; matches what WHO, NICHD and INTERGROWTH pair with"
no_bpd,210,260.0,281.0,56.0,,male,asian,1498.4,37.5,56.0,63.1,37.9,1,1,1,1,"three-parameter formula; matches what WHO, NICHD and INTERGROWTH pair with"
no_bpd,210,260.0,281.0,56.0,,combined,asian,1498.4,44.6,56.0,63.1,37.9,1,1,1,1,"three-parameter formula; matches what WHO, NICHD and INTERGROWTH pair with"
no_bpd,210,267.8,289.4,57.7,,female,white,1646.4,81.9,65.0,85.6,67.0,1,1,1,1,"three-parameter formula; matches what WHO, NICHD and INTERGROWTH pair with"
no_bpd,210,267.8,289.4,57.7,,male,white,1646.4,69.5,65.0,85.6,67.0,1,1,1,1,"three-parameter formula; matches what WHO, NICHD and INTERGROWTH pair with"
no_bpd,210,267.8,289.4,57.7,,combined,white,1646.4,75.8,65.0,85.6,67.0,1,1,1,1,"three-parameter formula; matches what WHO, NICHD and INTERGROWTH pair with"
no_bpd,210,267.8,289.4,57.7,,female,black,1646.4,81.9,81.6,85.6,67.0,1,1,1,1,"three-parameter formula; matches what WHO, NICHD and INTERGROWTH pair with"
no_bpd,210,267.8,289.4,57.7,,male,black,1646.4,69.5,81.6,85.6,67.0,1,1,1,1,"three-parameter formula; matches what WHO, NICHD and INTERGROWTH pair with"
no_bpd,210,267.8,289.4,57.7,,combined,black,1646.4,75.8,81.6,85.6,67.0,1,1,1,1,"three-parameter formula; matches what WHO, NICHD and INTERGROWTH pair with"
no_bpd,210,267.8,289.4,57.7,,female,hispanic,1646.4,81.9,74.2,85.6,67.0,1,1,1,1,"three-parameter formula; matches what WHO, NICHD and INTERGROWTH pair with"
no_bpd,210,267.8,289.4,57.7,,male,hispanic,1646.4,69.5,74.2,85.6,67.0,1,1,1,1,"three-parameter formula; matches what WHO, NICHD and INTERGROWTH pair with"
no_bpd,210,267.8,289.4,57.7,,combined,hispanic,1646.4,75.8,74.2,85.6,67.0,1,1,1,1,"three-parameter formula; matches what WHO, NICHD and INTERGROWTH pair with"
no_bpd,210,267.8,289.4,57.7,,female,asian,1646.4,81.9,81.2,85.6,67.0,1,1,1,1,"three-parameter formula; matches what WHO, NICHD and INTERGROWTH pair with"
no_bpd,210,267.8,289.4,57.7,,male,asian,1646.4,69.5,81.2,85.6,67.0,1,1,1,1,"three-parameter formula; matches what WHO, NICHD and INTERGROWTH pair with"
no_bpd,210,267.8,289.4,57.7,,combined,asian,1646.4,75.8,81.2,85.6,67.0,1,1,1,1,"three-parameter formula; matches what WHO, NICHD and INTERGROWTH pair with"
no_bpd,213,256.1,275.7,55.4,,female,white,1430.6,35.8,26.5,32.5,15.7,1,1,1,1,"three-parameter formula; matches what WHO, NICHD and INTERGROWTH pair with"
no_bpd,213,256.1,275.7,55.4,,male,white,1430.6,23.2,26.5,32.5,15.7,1,1,1,1,"three-parameter formula; matches what WHO, NICHD and INTERGROWTH pair with"
no_bpd,213,256.1,275.7,55.4,,combined,white,1430.6,29.6,26.5,32.5,15.7,1,1,1,1,"three-parameter formula; matches what WHO, NICHD and INTERGROWTH pair with"
no_bpd,213,256.1,275.7,55.4,,female,black,1430.6,35.8,43.6,32.5,15.7,1,1,1,1,"three-parameter formula; matches what WHO, NICHD and INTERGROWTH pair with"
no_bpd,213,256.1,275.7,55.4,,male,black,1430.6,23.2,43.6,32.5,15.7,1,1,1,1,"three-parameter formula; matches what WHO, NICHD and INTERGROWTH pair with"
no_bpd,213,256.1,275.7,55.4,,combined,black,1430.6,29.6,43.6,32.5,15.7,1,1,1,1,"three-parameter formula; matches what WHO, NICHD and INTERGROWTH pair with"
no_bpd,213,256.1,275.7,55.4,,female,hispanic,1430.6,35.8,39.2,32.5,15.7,1,1,1,1,"three-parameter formula; matches what WHO, NICHD and INTERGROWTH pair with"
no_bpd,213,256.1,275.7,55.4,,male,hispanic,1430.6,23.2,39.2,32.5,15.7,1,1,1,1,"three-parameter formula; matches what WHO, NICHD and INTERGROWTH pair with"
no_bpd,213,256.1,275.7,55.4,,combined,hispanic,1430.6,29.6,39.2,32.5,15.7,1,1,1,1,"three-parameter formula; matches what WHO, NICHD and INTERGROWTH pair with"
no_bpd,213,256.1,275.7,55.4,,female,asian,1430.6,35.8,43.6,32.5,15.7,1,1,1,1,"three-parameter formula; matches what WHO, NICHD and INTERGROWTH pair with"
no_bpd,213,256.1,275.7,55.4,,male,asian,1430.6,23.2,43.6,32.5,15.7,1,1,1,1,"three-parameter formula; matches what WHO, NICHD and INTERGROWTH pair with"
no_bpd,213,256.1,275.7,55.4,,combined,asian,1430.6,29.6,43.6,32.5,15.7,1,1,1,1,"three-parameter formula; matches what WHO, NICHD and INTERGROWTH pair with"
no_bpd,213,264.1,284.2,57.1,,female,white,1575.5,69.3,53.4,61.6,37.8,1,1,1,1,"three-parameter formula; matches what WHO, NICHD and INTERGROWTH pair with"
no_bpd,213,264.1,284.2,57.1,,male,white,1575.5,54.4,53.4,61.6,37.8,1,1,1,1,"three-parameter formula; matches what WHO, NICHD and INTERGROWTH pair with"
no_bpd,213,264.1,284.2,57.1,,combined,white,1575.5,61.2,53.4,61.6,37.8,1,1,1,1,"three-parameter formula; matches what WHO, NICHD and INTERGROWTH pair with"
no_bpd,213,264.1,284.2,57.1,,female,black,1575.5,69.3,69.4,61.6,37.8,1,1,1,1,"three-parameter formula; matches what WHO, NICHD and INTERGROWTH pair with"
no_bpd,213,264.1,284.2,57.1,,male,black,1575.5,54.4,69.4,61.6,37.8,1,1,1,1,"three-parameter formula; matches what WHO, NICHD and INTERGROWTH pair with"
no_bpd,213,264.1,284.2,57.1,,combined,black,1575.5,61.2,69.4,61.6,37.8,1,1,1,1,"three-parameter formula; matches what WHO, NICHD and INTERGROWTH pair with"
no_bpd,213,264.1,284.2,57.1,,female,hispanic,1575.5,69.3,63.2,61.6,37.8,1,1,1,1,"three-parameter formula; matches what WHO, NICHD and INTERGROWTH pair with"
no_bpd,213,264.1,284.2,57.1,,male,hispanic,1575.5,54.4,63.2,61.6,37.8,1,1,1,1,"three-parameter formula; matches what WHO, NICHD and INTERGROWTH pair with"
no_bpd,213,264.1,284.2,57.1,,combined,hispanic,1575.5,61.2,63.2,61.6,37.8,1,1,1,1,"three-parameter formula; matches what WHO, NICHD and INTERGROWTH pair with"
no_bpd,213,264.1,284.2,57.1,,female,asian,1575.5,69.3,69.1,61.6,37.8,1,1,1,1,"three-parameter formula; matches what WHO, NICHD and INTERGROWTH pair with"
no_bpd,213,264.1,284.2,57.1,,male,asian,1575.5,54.4,69.1,61.6,37.8,1,1,1,1,"three-parameter formula; matches what WHO, NICHD and INTERGROWTH pair with"
no_bpd,213,264.1,284.2,57.1,,combined,asian,1575.5,61.2,69.1,61.6,37.8,1,1,1,1,"three-parameter formula; matches what WHO, NICHD and INTERGROWTH pair with"
no_bpd,213,272.0,292.7,58.8,,female,white,1730.6,92.2,78.8,84.6,66.8,1,1,1,1,"three-parameter formula; matches what WHO, NICHD and INTERGROWTH pair with"
no_bpd,213,272.0,292.7,58.8,,male,white,1730.6,82.6,78.8,84.6,66.8,1,1,1,1,"three-parameter formula; matches what WHO, NICHD and INTERGROWTH pair with"
no_bpd,213,272.0,292.7,58.8,,combined,white,1730.6,87.0,78.8,84.6,66.8,1,1,1,1,"three-parameter formula; matches what WHO, NICHD and INTERGROWTH pair with"
no_bpd,213,272.0,292.7,58.8,,female,black,1730.6,92.2,92.4,84.6,66.8,1,1,1,1,"three-parameter formula; matches what WHO, NICHD and INTERGROWTH pair with"
no_bpd,213,272.0,292.7,58.8,,male,black,1730.6,82.6,92.4,84.6,66.8,1,1,1,1,"three-parameter formula; matches what WHO, NICHD and INTERGROWTH pair with"
no_bpd,213,272.0,292.7,58.8,,combined,black,1730.6,87.0,92.4,84.6,66.8,1,1,1,1,"three-parameter formula; matches what WHO, NICHD and INTERGROWTH pair with"
no_bpd,213,272.0,292.7,58.8,,female,hispanic,1730.6,92.2,87.2,84.6,66.8,1,1,1,1,"three-parameter formula; matches what WHO, NICHD and INTERGROWTH pair with"
no_bpd,213,272.0,292.7,58.8,,male,hispanic,1730.6,82.6,87.2,84.6,66.8,1,1,1,1,"three-parameter formula; matches what WHO, NICHD and INTERGROWTH pair with"
no_bpd,213,272.0,292.7,58.8,,combined,hispanic,1730.6,87.0,87.2,84.6,66.8,1,1,1,1,"three-parameter formula; matches what WHO, NICHD and INTERGROWTH pair with"
no_bpd,213,272.0,292.7,58.8,,female,asian,1730.6,92.2,92.2,84.6,66.8,1,1,1,1,"three-parameter formula; matches what WHO, NICHD and INTERGROWTH pair with"
no_bpd,213,272.0,292.7,58.8,,male,asian,1730.6,82.6,92.2,84.6,66.8,1,1,1,1,"three-parameter formula; matches what WHO, NICHD and INTERGROWTH pair with"
no_bpd,213,272.0,292.7,58.8,,combined,asian,1730.6,87.0,92.2,84.6,66.8,1,1,1,1,"three-parameter formula; matches what WHO, NICHD and INTERGROWTH pair with"
no_bpd,224,270.6,287.1,59.2,,female,white,1704.3,21.9,12.7,29.2,15.8,1,1,1,1,"three-parameter formula; matches what WHO, NICHD and INTERGROWTH pair with"
no_bpd,224,270.6,287.1,59.2,,male,white,1704.3,13.5,12.7,29.2,15.8,1,1,1,1,"three-parameter formula; matches what WHO, NICHD and INTERGROWTH pair with"
no_bpd,224,270.6,287.1,59.2,,combined,white,1704.3,18.5,12.7,29.2,15.8,1,1,1,1,"three-parameter formula; matches what WHO, NICHD and INTERGROWTH pair with"
no_bpd,224,270.6,287.1,59.2,,female,black,1704.3,21.9,29.5,29.2,15.8,1,1,1,1,"three-parameter formula; matches what WHO, NICHD and INTERGROWTH pair with"
no_bpd,224,270.6,287.1,59.2,,male,black,1704.3,13.5,29.5,29.2,15.8,1,1,1,1,"three-parameter formula; matches what WHO, NICHD and INTERGROWTH pair with"
no_bpd,224,270.6,287.1,59.2,,combined,black,1704.3,18.5,29.5,29.2,15.8,1,1,1,1,"three-parameter formula; matches what WHO, NICHD and INTERGROWTH pair with"
no_bpd,224,270.6,287.1,59.2,,female,hispanic,1704.3,21.9,25.5,29.2,15.8,1,1,1,1,"three-parameter formula; matches what WHO, NICHD and INTERGROWTH pair with"
no_bpd,224,270.6,287.1,59.2,,male,hispanic,1704.3,13.5,25.5,29.2,15.8,1,1,1,1,"three-parameter formula; matches what WHO, NICHD and INTERGROWTH pair with"
no_bpd,224,270.6,287.1,59.2,,combined,hispanic,1704.3,18.5,25.5,29.2,15.8,1,1,1,1,"three-parameter formula; matches what WHO, NICHD and INTERGROWTH pair with"
no_bpd,224,270.6,287.1,59.2,,female,asian,1704.3,21.9,30.4,29.2,15.8,1,1,1,1,"three-parameter formula; matches what WHO, NICHD and INTERGROWTH pair with"
no_bpd,224,270.6,287.1,59.2,,male,asian,1704.3,13.5,30.4,29.2,15.8,1,1,1,1,"three-parameter formula; matches what WHO, NICHD and INTERGROWTH pair with"
no_bpd,224,270.6,287.1,59.2,,combined,asian,1704.3,18.5,30.4,29.2,15.8,1,1,1,1,"three-parameter formula; matches what WHO, NICHD and INTERGROWTH pair with"
no_bpd,224,279.0,296.0,61.0,,female,white,1878.1,53.0,38.2,57.2,38.2,1,1,1,1,"three-parameter formula; matches what WHO, NICHD and INTERGROWTH pair with"
no_bpd,224,279.0,296.0,61.0,,male,white,1878.1,39.8,38.2,57.2,38.2,1,1,1,1,"three-parameter formula; matches what WHO, NICHD and INTERGROWTH pair with"
no_bpd,224,279.0,296.0,61.0,,combined,white,1878.1,46.0,38.2,57.2,38.2,1,1,1,1,"three-parameter formula; matches what WHO, NICHD and INTERGROWTH pair with"
no_bpd,224,279.0,296.0,61.0,,female,black,1878.1,53.0,55.6,57.2,38.2,1,1,1,1,"three-parameter formula; matches what WHO, NICHD and INTERGROWTH pair with"
no_bpd,224,279.0,296.0,61.0,,male,black,1878.1,39.8,55.6,57.2,38.2,1,1,1,1,"three-parameter formula; matches what WHO, NICHD and INTERGROWTH pair with"
no_bpd,224,279.0,296.0,61.0,,combined,black,1878.1,46.0,55.6,57.2,38.2,1,1,1,1,"three-parameter formula; matches what WHO, NICHD and INTERGROWTH pair with"
no_bpd,224,279.0,296.0,61.0,,female,hispanic,1878.1,53.0,50.1,57.2,38.2,1,1,1,1,"three-parameter formula; matches what WHO, NICHD and INTERGROWTH pair with"
no_bpd,224,279.0,296.0,61.0,,male,hispanic,1878.1,39.8,50.1,57.2,38.2,1,1,1,1,"three-parameter formula; matches what WHO, NICHD and INTERGROWTH pair with"
no_bpd,224,279.0,296.0,61.0,,combined,hispanic,1878.1,46.0,50.1,57.2,38.2,1,1,1,1,"three-parameter formula; matches what WHO, NICHD and INTERGROWTH pair with"
no_bpd,224,279.0,296.0,61.0,,female,asian,1878.1,53.0,56.4,57.2,38.2,1,1,1,1,"three-parameter formula; matches what WHO, NICHD and INTERGROWTH pair with"
no_bpd,224,279.0,296.0,61.0,,male,asian,1878.1,39.8,56.4,57.2,38.2,1,1,1,1,"three-parameter formula; matches what WHO, NICHD and INTERGROWTH pair with"
no_bpd,224,279.0,296.0,61.0,,combined,asian,1878.1,46.0,56.4,57.2,38.2,1,1,1,1,"three-parameter formula; matches what WHO, NICHD and INTERGROWTH pair with"
no_bpd,224,287.4,304.9,62.8,,female,white,2064.9,82.5,63.4,81.7,67.4,1,1,1,1,"three-parameter formula; matches what WHO, NICHD and INTERGROWTH pair with"
no_bpd,224,287.4,304.9,62.8,,male,white,2064.9,71.6,63.4,81.7,67.4,1,1,1,1,"three-parameter formula; matches what WHO, NICHD and INTERGROWTH pair with"
no_bpd,224,287.4,304.9,62.8,,combined,white,2064.9,76.9,63.4,81.7,67.4,1,1,1,1,"three-parameter formula; matches what WHO, NICHD and INTERGROWTH pair with"
no_bpd,224,287.4,304.9,62.8,,female,black,2064.9,82.5,80.6,81.7,67.4,1,1,1,1,"three-parameter formula; matches what WHO, NICHD and INTERGROWTH pair with"
no_bpd,224,287.4,304.9,62.8,,male,black,2064.9,71.6,80.6,81.7,67.4,1,1,1,1,"three-parameter formula; matches what WHO, NICHD and INTERGROWTH pair with"
no_bpd,224,287.4,304.9,62.8,,combined,black,2064.9,76.9,80.6,81.7,67.4,1,1,1,1,"three-parameter formula; matches what WHO, NICHD and INTERGROWTH pair with"
no_bpd,224,287.4,304.9,62.8,,female,hispanic,2064.9,82.5,72.6,81.7,67.4,1,1,1,1,"three-parameter formula; matches what WHO, NICHD and INTERGROWTH pair with"
no_bpd,224,287.4,304.9,62.8,,male,hispanic,2064.9,71.6,72.6,81.7,67.4,1,1,1,1,"three-parameter formula; matches what WHO, NICHD and INTERGROWTH pair with"
no_bpd,224,287.4,304.9,62.8,,combined,hispanic,2064.9,76.9,72.6,81.7,67.4,1,1,1,1,"three-parameter formula; matches what WHO, NICHD and INTERGROWTH pair with"
no_bpd,224,287.4,304.9,62.8,,female,asian,2064.9,82.5,81.4,81.7,67.4,1,1,1,1,"three-parameter formula; matches what WHO, NICHD and INTERGROWTH pair with"
no_bpd,224,287.4,304.9,62.8,,male,asian,2064.9,71.6,81.4,81.7,67.4,1,1,1,1,"three-parameter formula; matches what WHO, NICHD and INTERGROWTH pair with"
no_bpd,224,287.4,304.9,62.8,,combined,asian,2064.9,76.9,81.4,81.7,67.4,1,1,1,1,"three-parameter formula; matches what WHO, NICHD and INTERGROWTH pair with"
no_bpd,227,274.6,289.8,60.0,,female,white,1777.1,34.2,23.4,28.5,15.4,1,1,1,1,"three-parameter formula; matches what WHO, NICHD and INTERGROWTH pair with"
no_bpd,227,274.6,289.8,60.0,,male,white,1777.1,22.9,23.4,28.5,15.4,1,1,1,1,"three-parameter formula; matches what WHO, NICHD and INTERGROWTH pair with"
no_bpd,227,274.6,289.8,60.0,,combined,white,1777.1,28.5,23.4,28.5,15.4,1,1,1,1,"three-parameter formula; matches what WHO, NICHD and INTERGROWTH pair with"
no_bpd,227,274.6,289.8,60.0,,female,black,1777.1,34.2,40.8,28.5,15.4,1,1,1,1,"three-parameter formula; matches what WHO, NICHD and INTERGROWTH pair with"
no_bpd,227,274.6,289.8,60.0,,male,black,1777.1,22.9,40.8,28.5,15.4,1,1,1,1,"three-parameter formula; matches what WHO, NICHD and INTERGROWTH pair with"
no_bpd,227,274.6,289.8,60.0,,combined,black,1777.1,28.5,40.8,28.5,15.4,1,1,1,1,"three-parameter formula; matches what WHO, NICHD and INTERGROWTH pair with"
no_bpd,227,274.6,289.8,60.0,,female,hispanic,1777.1,34.2,35.8,28.5,15.4,1,1,1,1,"three-parameter formula; matches what WHO, NICHD and INTERGROWTH pair with"
no_bpd,227,274.6,289.8,60.0,,male,hispanic,1777.1,22.9,35.8,28.5,15.4,1,1,1,1,"three-parameter formula; matches what WHO, NICHD and INTERGROWTH pair with"
no_bpd,227,274.6,289.8,60.0,,combined,hispanic,1777.1,28.5,35.8,28.5,15.4,1,1,1,1,"three-parameter formula; matches what WHO, NICHD and INTERGROWTH pair with"
no_bpd,227,274.6,289.8,60.0,,female,asian,1777.1,34.2,41.7,28.5,15.4,1,1,1,1,"three-parameter formula; matches what WHO, NICHD and INTERGROWTH pair with"
no_bpd,227,274.6,289.8,60.0,,male,asian,1777.1,22.9,41.7,28.5,15.4,1,1,1,1,"three-parameter formula; matches what WHO, NICHD and INTERGROWTH pair with"
no_bpd,227,274.6,289.8,60.0,,combined,asian,1777.1,28.5,41.7,28.5,15.4,1,1,1,1,"three-parameter formula; matches what WHO, NICHD and INTERGROWTH pair with"
no_bpd,227,283.1,298.8,61.9,,female,white,1960.8,67.7,50.4,56.2,37.7,1,1,1,1,"three-parameter formula; matches what WHO, NICHD and INTERGROWTH pair with"
no_bpd,227,283.1,298.8,61.9,,male,white,1960.8,54.0,50.4,56.2,37.7,1,1,1,1,"three-parameter formula; matches what WHO, NICHD and INTERGROWTH pair with"
no_bpd,227,283.1,298.8,61.9,,combined,white,1960.8,60.2,50.4,56.2,37.7,1,1,1,1,"three-parameter formula; matches what WHO, NICHD and INTERGROWTH pair with"
no_bpd,227,283.1,298.8,61.9,,female,black,1960.8,67.7,66.7,56.2,37.7,1,1,1,1,"three-parameter formula; matches what WHO, NICHD and INTERGROWTH pair with"
no_bpd,227,283.1,298.8,61.9,,male,black,1960.8,54.0,66.7,56.2,37.7,1,1,1,1,"three-parameter formula; matches what WHO, NICHD and INTERGROWTH pair with"
no_bpd,227,283.1,298.8,61.9,,combined,black,1960.8,60.2,66.7,56.2,37.7,1,1,1,1,"three-parameter formula; matches what WHO, NICHD and INTERGROWTH pair with"
no_bpd,227,283.1,298.8,61.9,,female,hispanic,1960.8,67.7,60.1,56.2,37.7,1,1,1,1,"three-parameter formula; matches what WHO, NICHD and INTERGROWTH pair with"
no_bpd,227,283.1,298.8,61.9,,male,hispanic,1960.8,54.0,60.1,56.2,37.7,1,1,1,1,"three-parameter formula; matches what WHO, NICHD and INTERGROWTH pair with"
no_bpd,227,283.1,298.8,61.9,,combined,hispanic,1960.8,60.2,60.1,56.2,37.7,1,1,1,1,"three-parameter formula; matches what WHO, NICHD and INTERGROWTH pair with"
no_bpd,227,283.1,298.8,61.9,,female,asian,1960.8,67.7,67.5,56.2,37.7,1,1,1,1,"three-parameter formula; matches what WHO, NICHD and INTERGROWTH pair with"
no_bpd,227,283.1,298.8,61.9,,male,asian,1960.8,54.0,67.5,56.2,37.7,1,1,1,1,"three-parameter formula; matches what WHO, NICHD and INTERGROWTH pair with"
no_bpd,227,283.1,298.8,61.9,,combined,asian,1960.8,60.2,67.5,56.2,37.7,1,1,1,1,"three-parameter formula; matches what WHO, NICHD and INTERGROWTH pair with"
no_bpd,227,291.6,307.7,63.7,,female,white,2154.6,91.7,74.7,80.9,66.8,1,1,1,1,"three-parameter formula; matches what WHO, NICHD and INTERGROWTH pair with"
no_bpd,227,291.6,307.7,63.7,,male,white,2154.6,82.5,74.7,80.9,66.8,1,1,1,1,"three-parameter formula; matches what WHO, NICHD and INTERGROWTH pair with"
no_bpd,227,291.6,307.7,63.7,,combined,white,2154.6,86.5,74.7,80.9,66.8,1,1,1,1,"three-parameter formula; matches what WHO, NICHD and INTERGROWTH pair with"
no_bpd,227,291.6,307.7,63.7,,female,black,2154.6,91.7,91.1,80.9,66.8,1,1,1,1,"three-parameter formula; matches what WHO, NICHD and INTERGROWTH pair with"
no_bpd,227,291.6,307.7,63.7,,male,black,2154.6,82.5,91.1,80.9,66.8,1,1,1,1,"three-parameter formula; matches what WHO, NICHD and INTERGROWTH pair with"
no_bpd,227,291.6,307.7,63.7,,combined,black,2154.6,86.5,91.1,80.9,66.8,1,1,1,1,"three-parameter formula; matches what WHO, NICHD and INTERGROWTH pair with"
no_bpd,227,291.6,307.7,63.7,,female,hispanic,2154.6,91.7,83.4,80.9,66.8,1,1,1,1,"three-parameter formula; matches what WHO, NICHD and INTERGROWTH pair with"
no_bpd,227,291.6,307.7,63.7,,male,hispanic,2154.6,82.5,83.4,80.9,66.8,1,1,1,1,"three-parameter formula; matches what WHO, NICHD and INTERGROWTH pair with"
no_bpd,227,291.6,307.7,63.7,,combined,hispanic,2154.6,86.5,83.4,80.9,66.8,1,1,1,1,"three-parameter formula; matches what WHO, NICHD and INTERGROWTH pair with"
no_bpd,227,291.6,307.7,63.7,,female,asian,2154.6,91.7,91.4,80.9,66.8,1,1,1,1,"three-parameter formula; matches what WHO, NICHD and INTERGROWTH pair with"
no_bpd,227,291.6,307.7,63.7,,male,asian,2154.6,82.5,91.4,80.9,66.8,1,1,1,1,"three-parameter formula; matches what WHO, NICHD and INTERGROWTH pair with"
no_bpd,227,291.6,307.7,63.7,,combined,asian,2154.6,86.5,91.4,80.9,66.8,1,1,1,1,"three-parameter formula; matches what WHO, NICHD and INTERGROWTH pair with"
no_bpd,238,289.1,299.7,63.1,,female,white,2066.4,21.4,11.0,27.0,15.1,1,1,1,1,"three-parameter formula; matches what WHO, NICHD and INTERGROWTH pair with"
no_bpd,238,289.1,299.7,63.1,,male,white,2066.4,13.6,11.0,27.0,15.1,1,1,1,1,"three-parameter formula; matches what WHO, NICHD and INTERGROWTH pair with"
no_bpd,238,289.1,299.7,63.1,,combined,white,2066.4,18.2,11.0,27.0,15.1,1,1,1,1,"three-parameter formula; matches what WHO, NICHD and INTERGROWTH pair with"
no_bpd,238,289.1,299.7,63.1,,female,black,2066.4,21.4,27.9,27.0,15.1,1,1,1,1,"three-parameter formula; matches what WHO, NICHD and INTERGROWTH pair with"
no_bpd,238,289.1,299.7,63.1,,male,black,2066.4,13.6,27.9,27.0,15.1,1,1,1,1,"three-parameter formula; matches what WHO, NICHD and INTERGROWTH pair with"
no_bpd,238,289.1,299.7,63.1,,combined,black,2066.4,18.2,27.9,27.0,15.1,1,1,1,1,"three-parameter formula; matches what WHO, NICHD and INTERGROWTH pair with"
no_bpd,238,289.1,299.7,63.1,,female,hispanic,2066.4,21.4,23.5,27.0,15.1,1,1,1,1,"three-parameter formula; matches what WHO, NICHD and INTERGROWTH pair with"
no_bpd,238,289.1,299.7,63.1,,male,hispanic,2066.4,13.6,23.5,27.0,15.1,1,1,1,1,"three-parameter formula; matches what WHO, NICHD and INTERGROWTH pair with"
no_bpd,238,289.1,299.7,63.1,,combined,hispanic,2066.4,18.2,23.5,27.0,15.1,1,1,1,1,"three-parameter formula; matches what WHO, NICHD and INTERGROWTH pair with"
no_bpd,238,289.1,299.7,63.1,,female,asian,2066.4,21.4,29.5,27.0,15.1,1,1,1,1,"three-parameter formula; matches what WHO, NICHD and INTERGROWTH pair with"
no_bpd,238,289.1,299.7,63.1,,male,asian,2066.4,13.6,29.5,27.0,15.1,1,1,1,1,"three-parameter formula; matches what WHO, NICHD and INTERGROWTH pair with"
no_bpd,238,289.1,299.7,63.1,,combined,asian,2066.4,18.2,29.5,27.0,15.1,1,1,1,1,"three-parameter formula; matches what WHO, NICHD and INTERGROWTH pair with"
no_bpd,238,298.0,309.0,65.0,,female,white,2277.2,51.3,35.3,53.8,37.0,1,1,1,1,"three-parameter formula; matches what WHO, NICHD and INTERGROWTH pair with"
no_bpd,238,298.0,309.0,65.0,,male,white,2277.2,39.7,35.3,53.8,37.0,1,1,1,1,"three-parameter formula; matches what WHO, NICHD and INTERGROWTH pair with"
no_bpd,238,298.0,309.0,65.0,,combined,white,2277.2,45.1,35.3,53.8,37.0,1,1,1,1,"three-parameter formula; matches what WHO, NICHD and INTERGROWTH pair with"
no_bpd,238,298.0,309.0,65.0,,female,black,2277.2,51.3,53.5,53.8,37.0,1,1,1,1,"three-parameter formula; matches what WHO, NICHD and INTERGROWTH pair with"
no_bpd,238,298.0,309.0,65.0,,male,black,2277.2,39.7,53.5,53.8,37.0,1,1,1,1,"three-parameter formula; matches what WHO, NICHD and INTERGROWTH pair with"
no_bpd,238,298.0,309.0,65.0,,combined,black,2277.2,45.1,53.5,53.8,37.0,1,1,1,1,"three-parameter formula; matches what WHO, NICHD and INTERGROWTH pair with"
no_bpd,238,298.0,309.0,65.0,,female,hispanic,2277.2,51.3,47.3,53.8,37.0,1,1,1,1,"three-parameter formula; matches what WHO, NICHD and INTERGROWTH pair with"
no_bpd,238,298.0,309.0,65.0,,male,hispanic,2277.2,39.7,47.3,53.8,37.0,1,1,1,1,"three-parameter formula; matches what WHO, NICHD and INTERGROWTH pair with"
no_bpd,238,298.0,309.0,65.0,,combined,hispanic,2277.2,45.1,47.3,53.8,37.0,1,1,1,1,"three-parameter formula; matches what WHO, NICHD and INTERGROWTH pair with"
no_bpd,238,298.0,309.0,65.0,,female,asian,2277.2,51.3,55.2,53.8,37.0,1,1,1,1,"three-parameter formula; matches what WHO, NICHD and INTERGROWTH pair with"
no_bpd,238,298.0,309.0,65.0,,male,asian,2277.2,39.7,55.2,53.8,37.0,1,1,1,1,"three-parameter formula; matches what WHO, NICHD and INTERGROWTH pair with"
no_bpd,238,298.0,309.0,65.0,,combined,asian,2277.2,45.1,55.2,53.8,37.0,1,1,1,1,"three-parameter formula; matches what WHO, NICHD and INTERGROWTH pair with"
no_bpd,238,306.9,318.3,67.0,,female,white,2506.5,81.3,60.1,78.9,66.6,1,1,1,1,"three-parameter formula; matches what WHO, NICHD and INTERGROWTH pair with"
no_bpd,238,306.9,318.3,67.0,,male,white,2506.5,71.3,60.1,78.9,66.6,1,1,1,1,"three-parameter formula; matches what WHO, NICHD and INTERGROWTH pair with"
no_bpd,238,306.9,318.3,67.0,,combined,white,2506.5,76.3,60.1,78.9,66.6,1,1,1,1,"three-parameter formula; matches what WHO, NICHD and INTERGROWTH pair with"
no_bpd,238,306.9,318.3,67.0,,female,black,2506.5,81.3,78.0,78.9,66.6,1,1,1,1,"three-parameter formula; matches what WHO, NICHD and INTERGROWTH pair with"
no_bpd,238,306.9,318.3,67.0,,male,black,2506.5,71.3,78.0,78.9,66.6,1,1,1,1,"three-parameter formula; matches what WHO, NICHD and INTERGROWTH pair with"
no_bpd,238,306.9,318.3,67.0,,combined,black,2506.5,76.3,78.0,78.9,66.6,1,1,1,1,"three-parameter formula; matches what WHO, NICHD and INTERGROWTH pair with"
no_bpd,238,306.9,318.3,67.0,,female,hispanic,2506.5,81.3,69.7,78.9,66.6,1,1,1,1,"three-parameter formula; matches what WHO, NICHD and INTERGROWTH pair with"
no_bpd,238,306.9,318.3,67.0,,male,hispanic,2506.5,71.3,69.7,78.9,66.6,1,1,1,1,"three-parameter formula; matches what WHO, NICHD and INTERGROWTH pair with"
no_bpd,238,306.9,318.3,67.0,,combined,hispanic,2506.5,76.3,69.7,78.9,66.6,1,1,1,1,"three-parameter formula; matches what WHO, NICHD and INTERGROWTH pair with"
no_bpd,238,306.9,318.3,67.0,,female,asian,2506.5,81.3,79.9,78.9,66.6,1,1,1,1,"three-parameter formula; matches what WHO, NICHD and INTERGROWTH pair with"
no_bpd,238,306.9,318.3,67.0,,male,asian,2506.5,71.3,79.9,78.9,66.6,1,1,1,1,"three-parameter formula; matches what WHO, NICHD and INTERGROWTH pair with"
no_bpd,238,306.9,318.3,67.0,,combined,asian,2506.5,76.3,79.9,78.9,66.6,1,1,1,1,"three-parameter formula; matches what WHO, NICHD and INTERGROWTH pair with"
no_bpd,252,307.5,311.4,66.9,,female,white,2468.5,22.9,13.4,27.5,16.7,1,1,1,1,"three-parameter formula; matches what WHO, NICHD and INTERGROWTH pair with"
no_bpd,252,307.5,311.4,66.9,,male,white,2468.5,15.7,13.4,27.5,16.7,1,1,1,1,"three-parameter formula; matches what WHO, NICHD and INTERGROWTH pair with"
no_bpd,252,307.5,311.4,66.9,,combined,white,2468.5,19.8,13.4,27.5,16.7,1,1,1,1,"three-parameter formula; matches what WHO, NICHD and INTERGROWTH pair with"
no_bpd,252,307.5,311.4,66.9,,female,black,2468.5,22.9,30.9,27.5,16.7,1,1,1,1,"three-parameter formula; matches what WHO, NICHD and INTERGROWTH pair with"
no_bpd,252,307.5,311.4,66.9,,male,black,2468.5,15.7,30.9,27.5,16.7,1,1,1,1,"three-parameter formula; matches what WHO, NICHD and INTERGROWTH pair with"
no_bpd,252,307.5,311.4,66.9,,combined,black,2468.5,19.8,30.9,27.5,16.7,1,1,1,1,"three-parameter formula; matches what WHO, NICHD and INTERGROWTH pair with"
no_bpd,252,307.5,311.4,66.9,,female,hispanic,2468.5,22.9,25.8,27.5,16.7,1,1,1,1,"three-parameter formula; matches what WHO, NICHD and INTERGROWTH pair with"
no_bpd,252,307.5,311.4,66.9,,male,hispanic,2468.5,15.7,25.8,27.5,16.7,1,1,1,1,"three-parameter formula; matches what WHO, NICHD and INTERGROWTH pair with"
no_bpd,252,307.5,311.4,66.9,,combined,hispanic,2468.5,19.8,25.8,27.5,16.7,1,1,1,1,"three-parameter formula; matches what WHO, NICHD and INTERGROWTH pair with"
no_bpd,252,307.5,311.4,66.9,,female,asian,2468.5,22.9,31.1,27.5,16.7,1,1,1,1,"three-parameter formula; matches what WHO, NICHD and INTERGROWTH pair with"
no_bpd,252,307.5,311.4,66.9,,male,asian,2468.5,15.7,31.1,27.5,16.7,1,1,1,1,"three-parameter formula; matches what WHO, NICHD and INTERGROWTH pair with"
no_bpd,252,307.5,311.4,66.9,,combined,asian,2468.5,19.8,31.1,27.5,16.7,1,1,1,1,"three-parameter formula; matches what WHO, NICHD and INTERGROWTH pair with"
no_bpd,252,317.0,321.0,69.0,,female,white,2723.1,53.1,37.1,54.0,40.0,1,1,1,1,"three-parameter formula; matches what WHO, NICHD and INTERGROWTH pair with"
no_bpd,252,317.0,321.0,69.0,,male,white,2723.1,42.8,37.1,54.0,40.0,1,1,1,1,"three-parameter formula; matches what WHO, NICHD and INTERGROWTH pair with"
no_bpd,252,317.0,321.0,69.0,,combined,white,2723.1,47.4,37.1,54.0,40.0,1,1,1,1,"three-parameter formula; matches what WHO, NICHD and INTERGROWTH pair with"
no_bpd,252,317.0,321.0,69.0,,female,black,2723.1,53.1,55.9,54.0,40.0,1,1,1,1,"three-parameter formula; matches what WHO, NICHD and INTERGROWTH pair with"
no_bpd,252,317.0,321.0,69.0,,male,black,2723.1,42.8,55.9,54.0,40.0,1,1,1,1,"three-parameter formula; matches what WHO, NICHD and INTERGROWTH pair with"
no_bpd,252,317.0,321.0,69.0,,combined,black,2723.1,47.4,55.9,54.0,40.0,1,1,1,1,"three-parameter formula; matches what WHO, NICHD and INTERGROWTH pair with"
no_bpd,252,317.0,321.0,69.0,,female,hispanic,2723.1,53.1,49.3,54.0,40.0,1,1,1,1,"three-parameter formula; matches what WHO, NICHD and INTERGROWTH pair with"
no_bpd,252,317.0,321.0,69.0,,male,hispanic,2723.1,42.8,49.3,54.0,40.0,1,1,1,1,"three-parameter formula; matches what WHO, NICHD and INTERGROWTH pair with"
no_bpd,252,317.0,321.0,69.0,,combined,hispanic,2723.1,47.4,49.3,54.0,40.0,1,1,1,1,"three-parameter formula; matches what WHO, NICHD and INTERGROWTH pair with"
no_bpd,252,317.0,321.0,69.0,,female,asian,2723.1,53.1,56.1,54.0,40.0,1,1,1,1,"three-parameter formula; matches what WHO, NICHD and INTERGROWTH pair with"
no_bpd,252,317.0,321.0,69.0,,male,asian,2723.1,42.8,56.1,54.0,40.0,1,1,1,1,"three-parameter formula; matches what WHO, NICHD and INTERGROWTH pair with"
no_bpd,252,317.0,321.0,69.0,,combined,asian,2723.1,47.4,56.1,54.0,40.0,1,1,1,1,"three-parameter formula; matches what WHO, NICHD and INTERGROWTH pair with"
no_bpd,252,326.5,330.6,71.1,,female,white,2995.1,82.1,60.5,78.9,69.4,1,1,1,1,"three-parameter formula; matches what WHO, NICHD and INTERGROWTH pair with"
no_bpd,252,326.5,330.6,71.1,,male,white,2995.1,74.2,60.5,78.9,69.4,1,1,1,1,"three-parameter formula; matches what WHO, NICHD and INTERGROWTH pair with"
no_bpd,252,326.5,330.6,71.1,,combined,white,2995.1,77.8,60.5,78.9,69.4,1,1,1,1,"three-parameter formula; matches what WHO, NICHD and INTERGROWTH pair with"
no_bpd,252,326.5,330.6,71.1,,female,black,2995.1,82.1,79.6,78.9,69.4,1,1,1,1,"three-parameter formula; matches what WHO, NICHD and INTERGROWTH pair with"
no_bpd,252,326.5,330.6,71.1,,male,black,2995.1,74.2,79.6,78.9,69.4,1,1,1,1,"three-parameter formula; matches what WHO, NICHD and INTERGROWTH pair with"
no_bpd,252,326.5,330.6,71.1,,combined,black,2995.1,77.8,79.6,78.9,69.4,1,1,1,1,"three-parameter formula; matches what WHO, NICHD and INTERGROWTH pair with"
no_bpd,252,326.5,330.6,71.1,,female,hispanic,2995.1,82.1,70.6,78.9,69.4,1,1,1,1,"three-parameter formula; matches what WHO, NICHD and INTERGROWTH pair with"
no_bpd,252,326.5,330.6,71.1,,male,hispanic,2995.1,74.2,70.6,78.9,69.4,1,1,1,1,"three-parameter formula; matches what WHO, NICHD and INTERGROWTH pair with"
no_bpd,252,326.5,330.6,71.1,,combined,hispanic,2995.1,77.8,70.6,78.9,69.4,1,1,1,1,"three-parameter formula; matches what WHO, NICHD and INTERGROWTH pair with"
no_bpd,252,326.5,330.6,71.1,,female,asian,2995.1,82.1,79.9,78.9,69.4,1,1,1,1,"three-parameter formula; matches what WHO, NICHD and INTERGROWTH pair with"
no_bpd,252,326.5,330.6,71.1,,male,asian,2995.1,74.2,79.9,78.9,69.4,1,1,1,1,"three-parameter formula; matches what WHO, NICHD and INTERGROWTH pair with"
no_bpd,252,326.5,330.6,71.1,,combined,asian,2995.1,77.8,79.9,78.9,69.4,1,1,1,1,"three-parameter formula; matches what WHO, NICHD and INTERGROWTH pair with"
no_bpd,257,314.8,315.2,68.0,,female,white,2622.0,40.7,27.7,29.6,18.0,1,1,1,1,"three-parameter formula; matches what WHO, NICHD and INTERGROWTH pair with"
no_bpd,257,314.8,315.2,68.0,,male,white,2622.0,30.7,27.7,29.6,18.0,1,1,1,1,"three-parameter formula; matches what WHO, NICHD and INTERGROWTH pair with"
no_bpd,257,314.8,315.2,68.0,,combined,white,2622.0,35.6,27.7,29.6,18.0,1,1,1,1,"three-parameter formula; matches what WHO, NICHD and INTERGROWTH pair with"
no_bpd,257,314.8,315.2,68.0,,female,black,2622.0,40.7,46.6,29.6,18.0,1,1,1,1,"three-parameter formula; matches what WHO, NICHD and INTERGROWTH pair with"
no_bpd,257,314.8,315.2,68.0,,male,black,2622.0,30.7,46.6,29.6,18.0,1,1,1,1,"three-parameter formula; matches what WHO, NICHD and INTERGROWTH pair with"
no_bpd,257,314.8,315.2,68.0,,combined,black,2622.0,35.6,46.6,29.6,18.0,1,1,1,1,"three-parameter formula; matches what WHO, NICHD and INTERGROWTH pair with"
no_bpd,257,314.8,315.2,68.0,,female,hispanic,2622.0,40.7,39.9,29.6,18.0,1,1,1,1,"three-parameter formula; matches what WHO, NICHD and INTERGROWTH pair with"
no_bpd,257,314.8,315.2,68.0,,male,hispanic,2622.0,30.7,39.9,29.6,18.0,1,1,1,1,"three-parameter formula; matches what WHO, NICHD and INTERGROWTH pair with"
no_bpd,257,314.8,315.2,68.0,,combined,hispanic,2622.0,35.6,39.9,29.6,18.0,1,1,1,1,"three-parameter formula; matches what WHO, NICHD and INTERGROWTH pair with"
no_bpd,257,314.8,315.2,68.0,,female,asian,2622.0,40.7,46.8,29.6,18.0,1,1,1,1,"three-parameter formula; matches what WHO, NICHD and INTERGROWTH pair with"
no_bpd,257,314.8,315.2,68.0,,male,asian,2622.0,30.7,46.8,29.6,18.0,1,1,1,1,"three-parameter formula; matches what WHO, NICHD and INTERGROWTH pair with"
no_bpd,257,314.8,315.2,68.0,,combined,asian,2622.0,35.6,46.8,29.6,18.0,1,1,1,1,"three-parameter formula; matches what WHO, NICHD and INTERGROWTH pair with"
no_bpd,257,324.5,324.9,70.1,,female,white,2890.5,73.6,52.3,56.4,41.9,1,1,1,1,"three-parameter formula; matches what WHO, NICHD and INTERGROWTH pair with"
no_bpd,257,324.5,324.9,70.1,,male,white,2890.5,62.3,52.3,56.4,41.9,1,1,1,1,"three-parameter formula; matches what WHO, NICHD and INTERGROWTH pair with"
no_bpd,257,324.5,324.9,70.1,,combined,white,2890.5,67.0,52.3,56.4,41.9,1,1,1,1,"three-parameter formula; matches what WHO, NICHD and INTERGROWTH pair with"
no_bpd,257,324.5,324.9,70.1,,female,black,2890.5,73.6,70.5,56.4,41.9,1,1,1,1,"three-parameter formula; matches what WHO, NICHD and INTERGROWTH pair with"
no_bpd,257,324.5,324.9,70.1,,male,black,2890.5,62.3,70.5,56.4,41.9,1,1,1,1,"three-parameter formula; matches what WHO, NICHD and INTERGROWTH pair with"
no_bpd,257,324.5,324.9,70.1,,combined,black,2890.5,67.0,70.5,56.4,41.9,1,1,1,1,"three-parameter formula; matches what WHO, NICHD and INTERGROWTH pair with"
no_bpd,257,324.5,324.9,70.1,,female,hispanic,2890.5,73.6,62.4,56.4,41.9,1,1,1,1,"three-parameter formula; matches what WHO, NICHD and INTERGROWTH pair with"
no_bpd,257,324.5,324.9,70.1,,male,hispanic,2890.5,62.3,62.4,56.4,41.9,1,1,1,1,"three-parameter formula; matches what WHO, NICHD and INTERGROWTH pair with"
no_bpd,257,324.5,324.9,70.1,,combined,hispanic,2890.5,67.0,62.4,56.4,41.9,1,1,1,1,"three-parameter formula; matches what WHO, NICHD and INTERGROWTH pair with"
no_bpd,257,324.5,324.9,70.1,,female,asian,2890.5,73.6,70.7,56.4,41.9,1,1,1,1,"three-parameter formula; matches what WHO, NICHD and INTERGROWTH pair with"
no_bpd,257,324.5,324.9,70.1,,male,asian,2890.5,62.3,70.7,56.4,41.9,1,1,1,1,"three-parameter formula; matches what WHO, NICHD and INTERGROWTH pair with"
no_bpd,257,324.5,324.9,70.1,,combined,asian,2890.5,67.0,70.7,56.4,41.9,1,1,1,1,"three-parameter formula; matches what WHO, NICHD and INTERGROWTH pair with"
no_bpd,257,334.2,334.7,72.2,,female,white,3177.4,93.8,74.9,80.7,71.1,1,1,1,1,"three-parameter formula; matches what WHO, NICHD and INTERGROWTH pair with"
no_bpd,257,334.2,334.7,72.2,,male,white,3177.4,89.4,74.9,80.7,71.1,1,1,1,1,"three-parameter formula; matches what WHO, NICHD and INTERGROWTH pair with"
no_bpd,257,334.2,334.7,72.2,,combined,white,3177.4,91.0,74.9,80.7,71.1,1,1,1,1,"three-parameter formula; matches what WHO, NICHD and INTERGROWTH pair with"
no_bpd,257,334.2,334.7,72.2,,female,black,3177.4,93.8,92.2,80.7,71.1,1,1,1,1,"three-parameter formula; matches what WHO, NICHD and INTERGROWTH pair with"
no_bpd,257,334.2,334.7,72.2,,male,black,3177.4,89.4,92.2,80.7,71.1,1,1,1,1,"three-parameter formula; matches what WHO, NICHD and INTERGROWTH pair with"
no_bpd,257,334.2,334.7,72.2,,combined,black,3177.4,91.0,92.2,80.7,71.1,1,1,1,1,"three-parameter formula; matches what WHO, NICHD and INTERGROWTH pair with"
no_bpd,257,334.2,334.7,72.2,,female,hispanic,3177.4,93.8,84.7,80.7,71.1,1,1,1,1,"three-parameter formula; matches what WHO, NICHD and INTERGROWTH pair with"
no_bpd,257,334.2,334.7,72.2,,male,hispanic,3177.4,89.4,84.7,80.7,71.1,1,1,1,1,"three-parameter formula; matches what WHO, NICHD and INTERGROWTH pair with"
no_bpd,257,334.2,334.7,72.2,,combined,hispanic,3177.4,91.0,84.7,80.7,71.1,1,1,1,1,"three-parameter formula; matches what WHO, NICHD and INTERGROWTH pair with"
no_bpd,257,334.2,334.7,72.2,,female,asian,3177.4,93.8,92.3,80.7,71.1,1,1,1,1,"three-parameter formula; matches what WHO, NICHD and INTERGROWTH pair with"
no_bpd,257,334.2,334.7,72.2,,male,asian,3177.4,89.4,92.3,80.7,71.1,1,1,1,1,"three-parameter formula; matches what WHO, NICHD and INTERGROWTH pair with"
no_bpd,257,334.2,334.7,72.2,,combined,asian,3177.4,91.0,92.3,80.7,71.1,1,1,1,1,"three-parameter formula; matches what WHO, NICHD and INTERGROWTH pair with"
no_bpd,266,327.9,322.0,69.8,,female,white,2907.0,26.1,20.0,34.9,21.1,1,1,1,1,"three-parameter formula; matches what WHO, NICHD and INTERGROWTH pair with"
no_bpd,266,327.9,322.0,69.8,,male,white,2907.0,19.5,20.0,34.9,21.1,1,1,1,1,"three-parameter formula; matches what WHO, NICHD and INTERGROWTH pair with"
no_bpd,266,327.9,322.0,69.8,,combined,white,2907.0,23.0,20.0,34.9,21.1,1,1,1,1,"three-parameter formula; matches what WHO, NICHD and INTERGROWTH pair with"
no_bpd,266,327.9,322.0,69.8,,female,black,2907.0,26.1,37.4,34.9,21.1,1,1,1,1,"three-parameter formula; matches what WHO, NICHD and INTERGROWTH pair with"
no_bpd,266,327.9,322.0,69.8,,male,black,2907.0,19.5,37.4,34.9,21.1,1,1,1,1,"three-parameter formula; matches what WHO, NICHD and INTERGROWTH pair with"
no_bpd,266,327.9,322.0,69.8,,combined,black,2907.0,23.0,37.4,34.9,21.1,1,1,1,1,"three-parameter formula; matches what WHO, NICHD and INTERGROWTH pair with"
no_bpd,266,327.9,322.0,69.8,,female,hispanic,2907.0,26.1,32.1,34.9,21.1,1,1,1,1,"three-parameter formula; matches what WHO, NICHD and INTERGROWTH pair with"
no_bpd,266,327.9,322.0,69.8,,male,hispanic,2907.0,19.5,32.1,34.9,21.1,1,1,1,1,"three-parameter formula; matches what WHO, NICHD and INTERGROWTH pair with"
no_bpd,266,327.9,322.0,69.8,,combined,hispanic,2907.0,23.0,32.1,34.9,21.1,1,1,1,1,"three-parameter formula; matches what WHO, NICHD and INTERGROWTH pair with"
no_bpd,266,327.9,322.0,69.8,,female,asian,2907.0,26.1,35.6,34.9,21.1,1,1,1,1,"three-parameter formula; matches what WHO, NICHD and INTERGROWTH pair with"
no_bpd,266,327.9,322.0,69.8,,male,asian,2907.0,19.5,35.6,34.9,21.1,1,1,1,1,"three-parameter formula; matches what WHO, NICHD and INTERGROWTH pair with"
no_bpd,266,327.9,322.0,69.8,,combined,asian,2907.0,23.0,35.6,34.9,21.1,1,1,1,1,"three-parameter formula; matches what WHO, NICHD and INTERGROWTH pair with"
no_bpd,266,338.0,332.0,72.0,,female,white,3205.7,57.4,42.9,62.5,47.0,1,1,1,1,"three-parameter formula; matches what WHO, NICHD and INTERGROWTH pair with"
no_bpd,266,338.0,332.0,72.0,,male,white,3205.7,48.7,42.9,62.5,47.0,1,1,1,1,"three-parameter formula; matches what WHO, NICHD and INTERGROWTH pair with"
no_bpd,266,338.0,332.0,72.0,,combined,white,3205.7,52.0,42.9,62.5,47.0,1,1,1,1,"three-parameter formula; matches what WHO, NICHD and INTERGROWTH pair with"
no_bpd,266,338.0,332.0,72.0,,female,black,3205.7,57.4,61.0,62.5,47.0,1,1,1,1,"three-parameter formula; matches what WHO, NICHD and INTERGROWTH pair with"
no_bpd,266,338.0,332.0,72.0,,male,black,3205.7,48.7,61.0,62.5,47.0,1,1,1,1,"three-parameter formula; matches what WHO, NICHD and INTERGROWTH pair with"
no_bpd,266,338.0,332.0,72.0,,combined,black,3205.7,52.0,61.0,62.5,47.0,1,1,1,1,"three-parameter formula; matches what WHO, NICHD and INTERGROWTH pair with"
no_bpd,266,338.0,332.0,72.0,,female,hispanic,3205.7,57.4,54.4,62.5,47.0,1,1,1,1,"three-parameter formula; matches what WHO, NICHD and INTERGROWTH pair with"
no_bpd,266,338.0,332.0,72.0,,male,hispanic,3205.7,48.7,54.4,62.5,47.0,1,1,1,1,"three-parameter formula; matches what WHO, NICHD and INTERGROWTH pair with"
no_bpd,266,338.0,332.0,72.0,,combined,hispanic,3205.7,52.0,54.4,62.5,47.0,1,1,1,1,"three-parameter formula; matches what WHO, NICHD and INTERGROWTH pair with"
no_bpd,266,338.0,332.0,72.0,,female,asian,3205.7,57.4,59.2,62.5,47.0,1,1,1,1,"three-parameter formula; matches what WHO, NICHD and INTERGROWTH pair with"
no_bpd,266,338.0,332.0,72.0,,male,asian,3205.7,48.7,59.2,62.5,47.0,1,1,1,1,"three-parameter formula; matches what WHO, NICHD and INTERGROWTH pair with"
no_bpd,266,338.0,332.0,72.0,,combined,asian,3205.7,52.0,59.2,62.5,47.0,1,1,1,1,"three-parameter formula; matches what WHO, NICHD and INTERGROWTH pair with"
no_bpd,266,348.1,342.0,74.2,,female,white,3523.3,84.3,64.5,84.8,75.7,1,1,1,1,"three-parameter formula; matches what WHO, NICHD and INTERGROWTH pair with"
no_bpd,266,348.1,342.0,74.2,,male,white,3523.3,78.8,64.5,84.8,75.7,1,1,1,1,"three-parameter formula; matches what WHO, NICHD and INTERGROWTH pair with"
no_bpd,266,348.1,342.0,74.2,,combined,white,3523.3,81.2,64.5,84.8,75.7,1,1,1,1,"three-parameter formula; matches what WHO, NICHD and INTERGROWTH pair with"
no_bpd,266,348.1,342.0,74.2,,female,black,3523.3,84.3,84.1,84.8,75.7,1,1,1,1,"three-parameter formula; matches what WHO, NICHD and INTERGROWTH pair with"
no_bpd,266,348.1,342.0,74.2,,male,black,3523.3,78.8,84.1,84.8,75.7,1,1,1,1,"three-parameter formula; matches what WHO, NICHD and INTERGROWTH pair with"
no_bpd,266,348.1,342.0,74.2,,combined,black,3523.3,81.2,84.1,84.8,75.7,1,1,1,1,"three-parameter formula; matches what WHO, NICHD and INTERGROWTH pair with"
no_bpd,266,348.1,342.0,74.2,,female,hispanic,3523.3,84.3,74.9,84.8,75.7,1,1,1,1,"three-parameter formula; matches what WHO, NICHD and INTERGROWTH pair with"
no_bpd,266,348.1,342.0,74.2,,male,hispanic,3523.3,78.8,74.9,84.8,75.7,1,1,1,1,"three-parameter formula; matches what WHO, NICHD and INTERGROWTH pair with"
no_bpd,266,348.1,342.0,74.2,,combined,hispanic,3523.3,81.2,74.9,84.8,75.7,1,1,1,1,"three-parameter formula; matches what WHO, NICHD and INTERGROWTH pair with"
no_bpd,266,348.1,342.0,74.2,,female,asian,3523.3,84.3,81.9,84.8,75.7,1,1,1,1,"three-parameter formula; matches what WHO, NICHD and INTERGROWTH pair with"
no_bpd,266,348.1,342.0,74.2,,male,asian,3523.3,78.8,81.9,84.8,75.7,1,1,1,1,"three-parameter formula; matches what WHO, NICHD and INTERGROWTH pair with"
no_bpd,266,348.1,342.0,74.2,,combined,asian,3523.3,81.2,81.9,84.8,75.7,1,1,1,1,"three-parameter formula; matches what WHO, NICHD and INTERGROWTH pair with"
no_bpd,280,352.1,331.7,70.8,,female,white,3381.3,33.0,29.4,55.6,30.2,1,1,1,1,"three-parameter formula; matches what WHO, NICHD and INTERGROWTH pair with"
no_bpd,280,352.1,331.7,70.8,,male,white,3381.3,25.0,29.4,55.6,30.2,1,1,1,1,"three-parameter formula; matches what WHO, NICHD and INTERGROWTH pair with"
no_bpd,280,352.1,331.7,70.8,,combined,white,3381.3,29.3,29.4,55.6,30.2,1,1,1,1,"three-parameter formula; matches what WHO, NICHD and INTERGROWTH pair with"
no_bpd,280,352.1,331.7,70.8,,female,black,3381.3,33.0,43.0,55.6,30.2,1,1,1,1,"three-parameter formula; matches what WHO, NICHD and INTERGROWTH pair with"
no_bpd,280,352.1,331.7,70.8,,male,black,3381.3,25.0,43.0,55.6,30.2,1,1,1,1,"three-parameter formula; matches what WHO, NICHD and INTERGROWTH pair with"
no_bpd,280,352.1,331.7,70.8,,combined,black,3381.3,29.3,43.0,55.6,30.2,1,1,1,1,"three-parameter formula; matches what WHO, NICHD and INTERGROWTH pair with"
no_bpd,280,352.1,331.7,70.8,,female,hispanic,3381.3,33.0,40.0,55.6,30.2,1,1,1,1,"three-parameter formula; matches what WHO, NICHD and INTERGROWTH pair with"
no_bpd,280,352.1,331.7,70.8,,male,hispanic,3381.3,25.0,40.0,55.6,30.2,1,1,1,1,"three-parameter formula; matches what WHO, NICHD and INTERGROWTH pair with"
no_bpd,280,352.1,331.7,70.8,,combined,hispanic,3381.3,29.3,40.0,55.6,30.2,1,1,1,1,"three-parameter formula; matches what WHO, NICHD and INTERGROWTH pair with"
no_bpd,280,352.1,331.7,70.8,,female,asian,3381.3,33.0,46.2,55.6,30.2,1,1,1,1,"three-parameter formula; matches what WHO, NICHD and INTERGROWTH pair with"
no_bpd,280,352.1,331.7,70.8,,male,asian,3381.3,25.0,46.2,55.6,30.2,1,1,1,1,"three-parameter formula; matches what WHO, NICHD and INTERGROWTH pair with"
no_bpd,280,352.1,331.7,70.8,,combined,asian,3381.3,29.3,46.2,55.6,30.2,1,1,1,1,"three-parameter formula; matches what WHO, NICHD and INTERGROWTH pair with"
no_bpd,280,363.0,342.0,73.0,,female,white,3727.5,65.1,51.4,81.1,59.3,1,1,1,1,"three-parameter formula; matches what WHO, NICHD and INTERGROWTH pair with"
no_bpd,280,363.0,342.0,73.0,,male,white,3727.5,57.8,51.4,81.1,59.3,1,1,1,1,"three-parameter formula; matches what WHO, NICHD and INTERGROWTH pair with"
no_bpd,280,363.0,342.0,73.0,,combined,white,3727.5,60.0,51.4,81.1,59.3,1,1,1,1,"three-parameter formula; matches what WHO, NICHD and INTERGROWTH pair with"
no_bpd,280,363.0,342.0,73.0,,female,black,3727.5,65.1,65.0,81.1,59.3,1,1,1,1,"three-parameter formula; matches what WHO, NICHD and INTERGROWTH pair with"
no_bpd,280,363.0,342.0,73.0,,male,black,3727.5,57.8,65.0,81.1,59.3,1,1,1,1,"three-parameter formula; matches what WHO, NICHD and INTERGROWTH pair with"
no_bpd,280,363.0,342.0,73.0,,combined,black,3727.5,60.0,65.0,81.1,59.3,1,1,1,1,"three-parameter formula; matches what WHO, NICHD and INTERGROWTH pair with"
no_bpd,280,363.0,342.0,73.0,,female,hispanic,3727.5,65.1,60.5,81.1,59.3,1,1,1,1,"three-parameter formula; matches what WHO, NICHD and INTERGROWTH pair with"
no_bpd,280,363.0,342.0,73.0,,male,hispanic,3727.5,57.8,60.5,81.1,59.3,1,1,1,1,"three-parameter formula; matches what WHO, NICHD and INTERGROWTH pair with"
no_bpd,280,363.0,342.0,73.0,,combined,hispanic,3727.5,60.0,60.5,81.1,59.3,1,1,1,1,"three-parameter formula; matches what WHO, NICHD and INTERGROWTH pair with"
no_bpd,280,363.0,342.0,73.0,,female,asian,3727.5,65.1,67.5,81.1,59.3,1,1,1,1,"three-parameter formula; matches what WHO, NICHD and INTERGROWTH pair with"
no_bpd,280,363.0,342.0,73.0,,male,asian,3727.5,57.8,67.5,81.1,59.3,1,1,1,1,"three-parameter formula; matches what WHO, NICHD and INTERGROWTH pair with"
no_bpd,280,363.0,342.0,73.0,,combined,asian,3727.5,60.0,67.5,81.1,59.3,1,1,1,1,"three-parameter formula; matches what WHO, NICHD and INTERGROWTH pair with"
no_bpd,280,373.9,352.3,75.2,,female,white,4094.3,88.2,71.0,94.4,84.9,1,1,1,1,"three-parameter formula; matches what WHO, NICHD and INTERGROWTH pair with"
no_bpd,280,373.9,352.3,75.2,,male,white,4094.3,86.4,71.0,94.4,84.9,1,1,1,1,"three-parameter formula; matches what WHO, NICHD and INTERGROWTH pair with"
no_bpd,280,373.9,352.3,75.2,,combined,white,4094.3,87.5,71.0,94.4,84.9,1,1,1,1,"three-parameter formula; matches what WHO, NICHD and INTERGROWTH pair with"
no_bpd,280,373.9,352.3,75.2,,female,black,4094.3,88.2,87.1,94.4,84.9,1,1,1,1,"three-parameter formula; matches what WHO, NICHD and INTERGROWTH pair with"
no_bpd,280,373.9,352.3,75.2,,male,black,4094.3,86.4,87.1,94.4,84.9,1,1,1,1,"three-parameter formula; matches what WHO, NICHD and INTERGROWTH pair with"
no_bpd,280,373.9,352.3,75.2,,combined,black,4094.3,87.5,87.1,94.4,84.9,1,1,1,1,"three-parameter formula; matches what WHO, NICHD and INTERGROWTH pair with"
no_bpd,280,373.9,352.3,75.2,,female,hispanic,4094.3,88.2,80.3,94.4,84.9,1,1,1,1,"three-parameter formula; matches what WHO, NICHD and INTERGROWTH pair with"
no_bpd,280,373.9,352.3,75.2,,male,hispanic,4094.3,86.4,80.3,94.4,84.9,1,1,1,1,"three-parameter formula; matches what WHO, NICHD and INTERGROWTH pair with"
no_bpd,280,373.9,352.3,75.2,,combined,hispanic,4094.3,87.5,80.3,94.4,84.9,1,1,1,1,"three-parameter formula; matches what WHO, NICHD and INTERGROWTH pair with"
no_bpd,280,373.9,352.3,75.2,,female,asian,4094.3,88.2,89.4,94.4,84.9,1,1,1,1,"three-parameter formula; matches what WHO, NICHD and INTERGROWTH pair with"
no_bpd,280,373.9,352.3,75.2,,male,asian,4094.3,86.4,89.4,94.4,84.9,1,1,1,1,"three-parameter formula; matches what WHO, NICHD and INTERGROWTH pair with"
no_bpd,280,373.9,352.3,75.2,,combined,asian,4094.3,87.5,89.4,94.4,84.9,1,1,1,1,"three-parameter formula; matches what WHO, NICHD and INTERGROWTH pair with"
