tier,standard,note,ga_weeks,stratum,efw_g,ac_cm,hc_cm,centile,expect_centile,expect_efw_g,expect_delta,tolerance
1,nichd,published knot,15,white,92,,,,3,,,0.05
1,nichd,published knot,15,white,94,,,,5,,,0.05
1,nichd,published knot,15,white,98,,,,10,,,0.05
1,nichd,published knot,15,white,113,,,,50,,,0.05
1,nichd,published knot,15,white,129,,,,90,,,0.05
1,nichd,published knot,15,white,135,,,,95,,,0.05
1,nichd,published knot,15,white,138,,,,97,,,0.05
1,nichd,published knot,16,white,116,,,,3,,,0.05
1,nichd,published knot,16,white,119,,,,5,,,0.05
1,nichd,published knot,16,white,124,,,,10,,,0.05
1,nichd,published knot,16,white,143,,,,50,,,0.05
1,nichd,published knot,16,white,164,,,,90,,,0.05
1,nichd,published knot,16,white,170,,,,95,,,0.05
1,nichd,published knot,16,white,175,,,,97,,,0.05
1,nichd,published knot,17,white,146,,,,3,,,0.05
1,nichd,published knot,17,white,150,,,,5,,,0.05
1,nichd,published knot,17,white,156,,,,10,,,0.05
1,nichd,published knot,17,white,179,,,,50,,,0.05
1,nichd,published knot,17,white,205,,,,90,,,0.05
1,nichd,published knot,17,white,213,,,,95,,,0.05
1,nichd,published knot,17,white,219,,,,97,,,0.05
1,nichd,published knot,18,white,181,,,,3,,,0.05
1,nichd,published knot,18,white,186,,,,5,,,0.05
1,nichd,published knot,18,white,193,,,,10,,,0.05
1,nichd,published knot,18,white,222,,,,50,,,0.05
1,nichd,published knot,18,white,255,,,,90,,,0.05
1,nichd,published knot,18,white,265,,,,95,,,0.05
1,nichd,published knot,18,white,272,,,,97,,,0.05
1,nichd,published knot,19,white,222,,,,3,,,0.05
1,nichd,published knot,19,white,228,,,,5,,,0.05
1,nichd,published knot,19,white,237,,,,10,,,0.05
1,nichd,published knot,19,white,273,,,,50,,,0.05
1,nichd,published knot,19,white,313,,,,90,,,0.05
1,nichd,published knot,19,white,325,,,,95,,,0.05
1,nichd,published knot,19,white,334,,,,97,,,0.05
1,nichd,published knot,20,white,271,,,,3,,,0.05
1,nichd,published knot,20,white,278,,,,5,,,0.05
1,nichd,published knot,20,white,289,,,,10,,,0.05
1,nichd,published knot,20,white,332,,,,50,,,0.05
1,nichd,published knot,20,white,381,,,,90,,,0.05
1,nichd,published knot,20,white,396,,,,95,,,0.05
1,nichd,published knot,20,white,407,,,,97,,,0.05
1,nichd,published knot,21,white,327,,,,3,,,0.05
1,nichd,published knot,21,white,335,,,,5,,,0.05
1,nichd,published knot,21,white,349,,,,10,,,0.05
1,nichd,published knot,21,white,401,,,,50,,,0.05
1,nichd,published knot,21,white,460,,,,90,,,0.05
1,nichd,published knot,21,white,479,,,,95,,,0.05
1,nichd,published knot,21,white,491,,,,97,,,0.05
1,nichd,published knot,22,white,391,,,,3,,,0.05
1,nichd,published knot,22,white,401,,,,5,,,0.05
1,nichd,published knot,22,white,417,,,,10,,,0.05
1,nichd,published knot,22,white,479,,,,50,,,0.05
1,nichd,published knot,22,white,551,,,,90,,,0.05
1,nichd,published knot,22,white,573,,,,95,,,0.05
1,nichd,published knot,22,white,588,,,,97,,,0.05
1,nichd,published knot,23,white,464,,,,3,,,0.05
1,nichd,published knot,23,white,476,,,,5,,,0.05
1,nichd,published knot,23,white,495,,,,10,,,0.05
1,nichd,published knot,23,white,569,,,,50,,,0.05
1,nichd,published knot,23,white,654,,,,90,,,0.05
1,nichd,published knot,23,white,681,,,,95,,,0.05
1,nichd,published knot,23,white,698,,,,97,,,0.05
1,nichd,published knot,24,white,546,,,,3,,,0.05
1,nichd,published knot,24,white,560,,,,5,,,0.05
1,nichd,published knot,24,white,583,,,,10,,,0.05
1,nichd,published knot,24,white,671,,,,50,,,0.05
1,nichd,published knot,24,white,771,,,,90,,,0.05
1,nichd,published knot,24,white,803,,,,95,,,0.05
1,nichd,published knot,24,white,824,,,,97,,,0.05
1,nichd,published knot,25,white,638,,,,3,,,0.05
1,nichd,published knot,25,white,655,,,,5,,,0.05
1,nichd,published knot,25,white,682,,,,10,,,0.05
1,nichd,published knot,25,white,785,,,,50,,,0.05
1,nichd,published knot,25,white,903,,,,90,,,0.05
1,nichd,published knot,25,white,940,,,,95,,,0.05
1,nichd,published knot,25,white,964,,,,97,,,0.05
1,nichd,published knot,26,white,741,,,,3,,,0.05
1,nichd,published knot,26,white,760,,,,5,,,0.05
1,nichd,published knot,26,white,791,,,,10,,,0.05
1,nichd,published knot,26,white,911,,,,50,,,0.05
1,nichd,published knot,26,white,1050,,,,90,,,0.05
1,nichd,published knot,26,white,1092,,,,95,,,0.05
1,nichd,published knot,26,white,1121,,,,97,,,0.05
1,nichd,published knot,27,white,854,,,,3,,,0.05
1,nichd,published knot,27,white,876,,,,5,,,0.05
1,nichd,published knot,27,white,912,,,,10,,,0.05
1,nichd,published knot,27,white,1052,,,,50,,,0.05
1,nichd,published knot,27,white,1212,,,,90,,,0.05
1,nichd,published knot,27,white,1262,,,,95,,,0.05
1,nichd,published knot,27,white,1295,,,,97,,,0.05
1,nichd,published knot,28,white,977,,,,3,,,0.05
1,nichd,published knot,28,white,1003,,,,5,,,0.05
1,nichd,published knot,28,white,1045,,,,10,,,0.05
1,nichd,published knot,28,white,1205,,,,50,,,0.05
1,nichd,published knot,28,white,1391,,,,90,,,0.05
1,nichd,published knot,28,white,1449,,,,95,,,0.05
1,nichd,published knot,28,white,1487,,,,97,,,0.05
1,nichd,published knot,29,white,1111,,,,3,,,0.05
1,nichd,published knot,29,white,1141,,,,5,,,0.05
1,nichd,published knot,29,white,1188,,,,10,,,0.05
1,nichd,published knot,29,white,1373,,,,50,,,0.05
1,nichd,published knot,29,white,1587,,,,90,,,0.05
1,nichd,published knot,29,white,1653,,,,95,,,0.05
1,nichd,published knot,29,white,1697,,,,97,,,0.05
1,nichd,published knot,30,white,1255,,,,3,,,0.05
1,nichd,published knot,30,white,1289,,,,5,,,0.05
1,nichd,published knot,30,white,1343,,,,10,,,0.05
1,nichd,published knot,30,white,1555,,,,50,,,0.05
1,nichd,published knot,30,white,1799,,,,90,,,0.05
1,nichd,published knot,30,white,1875,,,,95,,,0.05
1,nichd,published knot,30,white,1926,,,,97,,,0.05
1,nichd,published knot,31,white,1409,,,,3,,,0.05
1,nichd,published knot,31,white,1447,,,,5,,,0.05
1,nichd,published knot,31,white,1509,,,,10,,,0.05
1,nichd,published knot,31,white,1750,,,,50,,,0.05
1,nichd,published knot,31,white,2029,,,,90,,,0.05
1,nichd,published knot,31,white,2116,,,,95,,,0.05
1,nichd,published knot,31,white,2174,,,,97,,,0.05
1,nichd,published knot,32,white,1571,,,,3,,,0.05
1,nichd,published knot,32,white,1615,,,,5,,,0.05
1,nichd,published knot,32,white,1686,,,,10,,,0.05
1,nichd,published knot,32,white,1958,,,,50,,,0.05
1,nichd,published knot,32,white,2276,,,,90,,,0.05
1,nichd,published knot,32,white,2374,,,,95,,,0.05
1,nichd,published knot,32,white,2441,,,,97,,,0.05
1,nichd,published knot,33,white,1741,,,,3,,,0.05
1,nichd,published knot,33,white,1790,,,,5,,,0.05
1,nichd,published knot,33,white,1869,,,,10,,,0.05
1,nichd,published knot,33,white,2178,,,,50,,,0.05
1,nichd,published knot,33,white,2537,,,,90,,,0.05
1,nichd,published knot,33,white,2649,,,,95,,,0.05
1,nichd,published knot,33,white,2724,,,,97,,,0.05
1,nichd,published knot,34,white,1914,,,,3,,,0.05
1,nichd,published knot,34,white,1969,,,,5,,,0.05
1,nichd,published knot,34,white,2058,,,,10,,,0.05
1,nichd,published knot,34,white,2404,,,,50,,,0.05
1,nichd,published knot,34,white,2809,,,,90,,,0.05
1,nichd,published knot,34,white,2936,,,,95,,,0.05
1,nichd,published knot,34,white,3021,,,,97,,,0.05
1,nichd,published knot,35,white,2086,,,,3,,,0.05
1,nichd,published knot,35,white,2148,,,,5,,,0.05
1,nichd,published knot,35,white,2247,,,,10,,,0.05
1,nichd,published knot,35,white,2634,,,,50,,,0.05
1,nichd,published knot,35,white,3088,,,,90,,,0.05
1,nichd,published knot,35,white,3230,,,,95,,,0.05
1,nichd,published knot,35,white,3326,,,,97,,,0.05
1,nichd,published knot,36,white,2254,,,,3,,,0.05
1,nichd,published knot,36,white,2323,,,,5,,,0.05
1,nichd,published knot,36,white,2432,,,,10,,,0.05
1,nichd,published knot,36,white,2862,,,,50,,,0.05
1,nichd,published knot,36,white,3368,,,,90,,,0.05
1,nichd,published knot,36,white,3527,,,,95,,,0.05
1,nichd,published knot,36,white,3635,,,,97,,,0.05
1,nichd,published knot,37,white,2413,,,,3,,,0.05
1,nichd,published knot,37,white,2489,,,,5,,,0.05
1,nichd,published knot,37,white,2609,,,,10,,,0.05
1,nichd,published knot,37,white,3084,,,,50,,,0.05
1,nichd,published knot,37,white,3645,,,,90,,,0.05
1,nichd,published knot,37,white,3822,,,,95,,,0.05
1,nichd,published knot,37,white,3942,,,,97,,,0.05
1,nichd,published knot,38,white,2562,,,,3,,,0.05
1,nichd,published knot,38,white,2645,,,,5,,,0.05
1,nichd,published knot,38,white,2777,,,,10,,,0.05
1,nichd,published knot,38,white,3299,,,,50,,,0.05
1,nichd,published knot,38,white,3918,,,,90,,,0.05
1,nichd,published knot,38,white,4114,,,,95,,,0.05
1,nichd,published knot,38,white,4246,,,,97,,,0.05
1,nichd,published knot,39,white,2701,,,,3,,,0.05
1,nichd,published knot,39,white,2790,,,,5,,,0.05
1,nichd,published knot,39,white,2934,,,,10,,,0.05
1,nichd,published knot,39,white,3505,,,,50,,,0.05
1,nichd,published knot,39,white,4186,,,,90,,,0.05
1,nichd,published knot,39,white,4402,,,,95,,,0.05
1,nichd,published knot,39,white,4548,,,,97,,,0.05
1,nichd,published knot,40,white,2826,,,,3,,,0.05
1,nichd,published knot,40,white,2924,,,,5,,,0.05
1,nichd,published knot,40,white,3080,,,,10,,,0.05
1,nichd,published knot,40,white,3702,,,,50,,,0.05
1,nichd,published knot,40,white,4450,,,,90,,,0.05
1,nichd,published knot,40,white,4688,,,,95,,,0.05
1,nichd,published knot,40,white,4850,,,,97,,,0.05
1,nichd,published knot,15,black,93,,,,3,,,0.05
1,nichd,published knot,15,black,96,,,,5,,,0.05
1,nichd,published knot,15,black,99,,,,10,,,0.05
1,nichd,published knot,15,black,114,,,,50,,,0.05
1,nichd,published knot,15,black,130,,,,90,,,0.05
1,nichd,published knot,15,black,135,,,,95,,,0.05
1,nichd,published knot,15,black,138,,,,97,,,0.05
1,nichd,published knot,16,black,118,,,,3,,,0.05
1,nichd,published knot,16,black,121,,,,5,,,0.05
1,nichd,published knot,16,black,126,,,,10,,,0.05
1,nichd,published knot,16,black,144,,,,50,,,0.05
1,nichd,published knot,16,black,164,,,,90,,,0.05
1,nichd,published knot,16,black,171,,,,95,,,0.05
1,nichd,published knot,16,black,175,,,,97,,,0.05
1,nichd,published knot,17,black,147,,,,3,,,0.05
1,nichd,published knot,17,black,151,,,,5,,,0.05
1,nichd,published knot,17,black,157,,,,10,,,0.05
1,nichd,published knot,17,black,180,,,,50,,,0.05
1,nichd,published knot,17,black,206,,,,90,,,0.05
1,nichd,published knot,17,black,214,,,,95,,,0.05
1,nichd,published knot,17,black,219,,,,97,,,0.05
1,nichd,published knot,18,black,182,,,,3,,,0.05
1,nichd,published knot,18,black,186,,,,5,,,0.05
1,nichd,published knot,18,black,194,,,,10,,,0.05
1,nichd,published knot,18,black,222,,,,50,,,0.05
1,nichd,published knot,18,black,254,,,,90,,,0.05
1,nichd,published knot,18,black,264,,,,95,,,0.05
1,nichd,published knot,18,black,271,,,,97,,,0.05
1,nichd,published knot,19,black,222,,,,3,,,0.05
1,nichd,published knot,19,black,228,,,,5,,,0.05
1,nichd,published knot,19,black,236,,,,10,,,0.05
1,nichd,published knot,19,black,271,,,,50,,,0.05
1,nichd,published knot,19,black,311,,,,90,,,0.05
1,nichd,published knot,19,black,323,,,,95,,,0.05
1,nichd,published knot,19,black,331,,,,97,,,0.05
1,nichd,published knot,20,black,268,,,,3,,,0.05
1,nichd,published knot,20,black,275,,,,5,,,0.05
1,nichd,published knot,20,black,286,,,,10,,,0.05
1,nichd,published knot,20,black,328,,,,50,,,0.05
1,nichd,published knot,20,black,376,,,,90,,,0.05
1,nichd,published knot,20,black,391,,,,95,,,0.05
1,nichd,published knot,20,black,401,,,,97,,,0.05
1,nichd,published knot,21,black,321,,,,3,,,0.05
1,nichd,published knot,21,black,329,,,,5,,,0.05
1,nichd,published knot,21,black,342,,,,10,,,0.05
1,nichd,published knot,21,black,393,,,,50,,,0.05
1,nichd,published knot,21,black,451,,,,90,,,0.05
1,nichd,published knot,21,black,469,,,,95,,,0.05
1,nichd,published knot,21,black,481,,,,97,,,0.05
1,nichd,published knot,22,black,381,,,,3,,,0.05
1,nichd,published knot,22,black,390,,,,5,,,0.05
1,nichd,published knot,22,black,406,,,,10,,,0.05
1,nichd,published knot,22,black,467,,,,50,,,0.05
1,nichd,published knot,22,black,536,,,,90,,,0.05
1,nichd,published knot,22,black,558,,,,95,,,0.05
1,nichd,published knot,22,black,572,,,,97,,,0.05
1,nichd,published knot,23,black,448,,,,3,,,0.05
1,nichd,published knot,23,black,460,,,,5,,,0.05
1,nichd,published knot,23,black,478,,,,10,,,0.05
1,nichd,published knot,23,black,550,,,,50,,,0.05
1,nichd,published knot,23,black,633,,,,90,,,0.05
1,nichd,published knot,23,black,658,,,,95,,,0.05
1,nichd,published knot,23,black,676,,,,97,,,0.05
1,nichd,published knot,24,black,524,,,,3,,,0.05
1,nichd,published knot,24,black,538,,,,5,,,0.05
1,nichd,published knot,24,black,559,,,,10,,,0.05
1,nichd,published knot,24,black,644,,,,50,,,0.05
1,nichd,published knot,24,black,742,,,,90,,,0.05
1,nichd,published knot,24,black,772,,,,95,,,0.05
1,nichd,published knot,24,black,792,,,,97,,,0.05
1,nichd,published knot,25,black,609,,,,3,,,0.05
1,nichd,published knot,25,black,625,,,,5,,,0.05
1,nichd,published knot,25,black,650,,,,10,,,0.05
1,nichd,published knot,25,black,749,,,,50,,,0.05
1,nichd,published knot,25,black,864,,,,90,,,0.05
1,nichd,published knot,25,black,899,,,,95,,,0.05
1,nichd,published knot,25,black,923,,,,97,,,0.05
1,nichd,published knot,26,black,703,,,,3,,,0.05
1,nichd,published knot,26,black,722,,,,5,,,0.05
1,nichd,published knot,26,black,751,,,,10,,,0.05
1,nichd,published knot,26,black,867,,,,50,,,0.05
1,nichd,published knot,26,black,1000,,,,90,,,0.05
1,nichd,published knot,26,black,1041,,,,95,,,0.05
1,nichd,published knot,26,black,1069,,,,97,,,0.05
1,nichd,published knot,27,black,807,,,,3,,,0.05
1,nichd,published knot,27,black,828,,,,5,,,0.05
1,nichd,published knot,27,black,863,,,,10,,,0.05
1,nichd,published knot,27,black,996,,,,50,,,0.05
1,nichd,published knot,27,black,1151,,,,90,,,0.05
1,nichd,published knot,27,black,1199,,,,95,,,0.05
1,nichd,published knot,27,black,1231,,,,97,,,0.05
1,nichd,published knot,28,black,921,,,,3,,,0.05
1,nichd,published knot,28,black,946,,,,5,,,0.05
1,nichd,published knot,28,black,985,,,,10,,,0.05
1,nichd,published knot,28,black,1139,,,,50,,,0.05
1,nichd,published knot,28,black,1317,,,,90,,,0.05
1,nichd,published knot,28,black,1372,,,,95,,,0.05
1,nichd,published knot,28,black,1409,,,,97,,,0.05
1,nichd,published knot,29,black,1044,,,,3,,,0.05
1,nichd,published knot,29,black,1073,,,,5,,,0.05
1,nichd,published knot,29,black,1118,,,,10,,,0.05
1,nichd,published knot,29,black,1294,,,,50,,,0.05
1,nichd,published knot,29,black,1498,,,,90,,,0.05
1,nichd,published knot,29,black,1562,,,,95,,,0.05
1,nichd,published knot,29,black,1604,,,,97,,,0.05
1,nichd,published knot,30,black,1178,,,,3,,,0.05
1,nichd,published knot,30,black,1210,,,,5,,,0.05
1,nichd,published knot,30,black,1262,,,,10,,,0.05
1,nichd,published knot,30,black,1463,,,,50,,,0.05
1,nichd,published knot,30,black,1695,,,,90,,,0.05
1,nichd,published knot,30,black,1768,,,,95,,,0.05
1,nichd,published knot,30,black,1816,,,,97,,,0.05
1,nichd,published knot,31,black,1321,,,,3,,,0.05
1,nichd,published knot,31,black,1358,,,,5,,,0.05
1,nichd,published knot,31,black,1416,,,,10,,,0.05
1,nichd,published knot,31,black,1644,,,,50,,,0.05
1,nichd,published knot,31,black,1908,,,,90,,,0.05
1,nichd,published knot,31,black,1990,,,,95,,,0.05
1,nichd,published knot,31,black,2045,,,,97,,,0.05
1,nichd,published knot,32,black,1472,,,,3,,,0.05
1,nichd,published knot,32,black,1513,,,,5,,,0.05
1,nichd,published knot,32,black,1579,,,,10,,,0.05
1,nichd,published knot,32,black,1836,,,,50,,,0.05
1,nichd,published knot,32,black,2135,,,,90,,,0.05
1,nichd,published knot,32,black,2228,,,,95,,,0.05
1,nichd,published knot,32,black,2290,,,,97,,,0.05
1,nichd,published knot,33,black,1629,,,,3,,,0.05
1,nichd,published knot,33,black,1676,,,,5,,,0.05
1,nichd,published knot,33,black,1749,,,,10,,,0.05
1,nichd,published knot,33,black,2038,,,,50,,,0.05
1,nichd,published knot,33,black,2373,,,,90,,,0.05
1,nichd,published knot,33,black,2478,,,,95,,,0.05
1,nichd,published knot,33,black,2548,,,,97,,,0.05
1,nichd,published knot,34,black,1789,,,,3,,,0.05
1,nichd,published knot,34,black,1841,,,,5,,,0.05
1,nichd,published knot,34,black,1923,,,,10,,,0.05
1,nichd,published knot,34,black,2244,,,,50,,,0.05
1,nichd,published knot,34,black,2619,,,,90,,,0.05
1,nichd,published knot,34,black,2737,,,,95,,,0.05
1,nichd,published knot,34,black,2816,,,,97,,,0.05
1,nichd,published knot,35,black,1948,,,,3,,,0.05
1,nichd,published knot,35,black,2005,,,,5,,,0.05
1,nichd,published knot,35,black,2096,,,,10,,,0.05
1,nichd,published knot,35,black,2452,,,,50,,,0.05
1,nichd,published knot,35,black,2868,,,,90,,,0.05
1,nichd,published knot,35,black,2999,,,,95,,,0.05
1,nichd,published knot,35,black,3087,,,,97,,,0.05
1,nichd,published knot,36,black,2101,,,,3,,,0.05
1,nichd,published knot,36,black,2164,,,,5,,,0.05
1,nichd,published knot,36,black,2264,,,,10,,,0.05
1,nichd,published knot,36,black,2655,,,,50,,,0.05
1,nichd,published knot,36,black,3115,,,,90,,,0.05
1,nichd,published knot,36,black,3259,,,,95,,,0.05
1,nichd,published knot,36,black,3356,,,,97,,,0.05
1,nichd,published knot,37,black,2249,,,,3,,,0.05
1,nichd,published knot,37,black,2317,,,,5,,,0.05
1,nichd,published knot,37,black,2427,,,,10,,,0.05
1,nichd,published knot,37,black,2855,,,,50,,,0.05
1,nichd,published knot,37,black,3359,,,,90,,,0.05
1,nichd,published knot,37,black,3517,,,,95,,,0.05
1,nichd,published knot,37,black,3624,,,,97,,,0.05
1,nichd,published knot,38,black,2394,,,,3,,,0.05
1,nichd,published knot,38,black,2468,,,,5,,,0.05
1,nichd,published knot,38,black,2587,,,,10,,,0.05
1,nichd,published knot,38,black,3054,,,,50,,,0.05
1,nichd,published knot,38,black,3605,,,,90,,,0.05
1,nichd,published knot,38,black,3779,,,,95,,,0.05
1,nichd,published knot,38,black,3896,,,,97,,,0.05
1,nichd,published knot,39,black,2541,,,,3,,,0.05
1,nichd,published knot,39,black,2621,,,,5,,,0.05
1,nichd,published knot,39,black,2751,,,,10,,,0.05
1,nichd,published knot,39,black,3260,,,,50,,,0.05
1,nichd,published knot,39,black,3863,,,,90,,,0.05
1,nichd,published knot,39,black,4053,,,,95,,,0.05
1,nichd,published knot,39,black,4182,,,,97,,,0.05
1,nichd,published knot,40,black,2693,,,,3,,,0.05
1,nichd,published knot,40,black,2781,,,,5,,,0.05
1,nichd,published knot,40,black,2922,,,,10,,,0.05
1,nichd,published knot,40,black,3479,,,,50,,,0.05
1,nichd,published knot,40,black,4142,,,,90,,,0.05
1,nichd,published knot,40,black,4352,,,,95,,,0.05
1,nichd,published knot,40,black,4494,,,,97,,,0.05
1,nichd,published knot,15,hispanic,88,,,,3,,,0.05
1,nichd,published knot,15,hispanic,90,,,,5,,,0.05
1,nichd,published knot,15,hispanic,94,,,,10,,,0.05
1,nichd,published knot,15,hispanic,109,,,,50,,,0.05
1,nichd,published knot,15,hispanic,127,,,,90,,,0.05
1,nichd,published knot,15,hispanic,133,,,,95,,,0.05
1,nichd,published knot,15,hispanic,136,,,,97,,,0.05
1,nichd,published knot,16,hispanic,112,,,,3,,,0.05
1,nichd,published knot,16,hispanic,115,,,,5,,,0.05
1,nichd,published knot,16,hispanic,120,,,,10,,,0.05
1,nichd,published knot,16,hispanic,140,,,,50,,,0.05
1,nichd,published knot,16,hispanic,162,,,,90,,,0.05
1,nichd,published knot,16,hispanic,169,,,,95,,,0.05
1,nichd,published knot,16,hispanic,174,,,,97,,,0.05
1,nichd,published knot,17,hispanic,141,,,,3,,,0.05
1,nichd,published knot,17,hispanic,145,,,,5,,,0.05
1,nichd,published knot,17,hispanic,151,,,,10,,,0.05
1,nichd,published knot,17,hispanic,176,,,,50,,,0.05
1,nichd,published knot,17,hispanic,204,,,,90,,,0.05
1,nichd,published knot,17,hispanic,213,,,,95,,,0.05
1,nichd,published knot,17,hispanic,219,,,,97,,,0.05
1,nichd,published knot,18,hispanic,175,,,,3,,,0.05
1,nichd,published knot,18,hispanic,180,,,,5,,,0.05
1,nichd,published knot,18,hispanic,188,,,,10,,,0.05
1,nichd,published knot,18,hispanic,218,,,,50,,,0.05
1,nichd,published knot,18,hispanic,254,,,,90,,,0.05
1,nichd,published knot,18,hispanic,265,,,,95,,,0.05
1,nichd,published knot,18,hispanic,272,,,,97,,,0.05
1,nichd,published knot,19,hispanic,215,,,,3,,,0.05
1,nichd,published knot,19,hispanic,221,,,,5,,,0.05
1,nichd,published knot,19,hispanic,230,,,,10,,,0.05
1,nichd,published knot,19,hispanic,268,,,,50,,,0.05
1,nichd,published knot,19,hispanic,312,,,,90,,,0.05
1,nichd,published knot,19,hispanic,325,,,,95,,,0.05
1,nichd,published knot,19,hispanic,334,,,,97,,,0.05
1,nichd,published knot,20,hispanic,260,,,,3,,,0.05
1,nichd,published knot,20,hispanic,268,,,,5,,,0.05
1,nichd,published knot,20,hispanic,279,,,,10,,,0.05
1,nichd,published knot,20,hispanic,325,,,,50,,,0.05
1,nichd,published knot,20,hispanic,379,,,,90,,,0.05
1,nichd,published knot,20,hispanic,395,,,,95,,,0.05
1,nichd,published knot,20,hispanic,407,,,,97,,,0.05
1,nichd,published knot,21,hispanic,313,,,,3,,,0.05
1,nichd,published knot,21,hispanic,322,,,,5,,,0.05
1,nichd,published knot,21,hispanic,336,,,,10,,,0.05
1,nichd,published knot,21,hispanic,391,,,,50,,,0.05
1,nichd,published knot,21,hispanic,456,,,,90,,,0.05
1,nichd,published knot,21,hispanic,476,,,,95,,,0.05
1,nichd,published knot,21,hispanic,489,,,,97,,,0.05
1,nichd,published knot,22,hispanic,372,,,,3,,,0.05
1,nichd,published knot,22,hispanic,383,,,,5,,,0.05
1,nichd,published knot,22,hispanic,400,,,,10,,,0.05
1,nichd,published knot,22,hispanic,466,,,,50,,,0.05
1,nichd,published knot,22,hispanic,544,,,,90,,,0.05
1,nichd,published knot,22,hispanic,568,,,,95,,,0.05
1,nichd,published knot,22,hispanic,584,,,,97,,,0.05
1,nichd,published knot,23,hispanic,440,,,,3,,,0.05
1,nichd,published knot,23,hispanic,453,,,,5,,,0.05
1,nichd,published knot,23,hispanic,473,,,,10,,,0.05
1,nichd,published knot,23,hispanic,551,,,,50,,,0.05
1,nichd,published knot,23,hispanic,643,,,,90,,,0.05
1,nichd,published knot,23,hispanic,672,,,,95,,,0.05
1,nichd,published knot,23,hispanic,691,,,,97,,,0.05
1,nichd,published knot,24,hispanic,516,,,,3,,,0.05
1,nichd,published knot,24,hispanic,531,,,,5,,,0.05
1,nichd,published knot,24,hispanic,555,,,,10,,,0.05
1,nichd,published knot,24,hispanic,647,,,,50,,,0.05
1,nichd,published knot,24,hispanic,755,,,,90,,,0.05
1,nichd,published knot,24,hispanic,789,,,,95,,,0.05
1,nichd,published knot,24,hispanic,812,,,,97,,,0.05
1,nichd,published knot,25,hispanic,601,,,,3,,,0.05
1,nichd,published knot,25,hispanic,619,,,,5,,,0.05
1,nichd,published knot,25,hispanic,646,,,,10,,,0.05
1,nichd,published knot,25,hispanic,755,,,,50,,,0.05
1,nichd,published knot,25,hispanic,882,,,,90,,,0.05
1,nichd,published knot,25,hispanic,921,,,,95,,,0.05
1,nichd,published knot,25,hispanic,948,,,,97,,,0.05
1,nichd,published knot,26,hispanic,696,,,,3,,,0.05
1,nichd,published knot,26,hispanic,716,,,,5,,,0.05
1,nichd,published knot,26,hispanic,749,,,,10,,,0.05
1,nichd,published knot,26,hispanic,875,,,,50,,,0.05
1,nichd,published knot,26,hispanic,1023,,,,90,,,0.05
1,nichd,published knot,26,hispanic,1069,,,,95,,,0.05
1,nichd,published knot,26,hispanic,1100,,,,97,,,0.05
1,nichd,published knot,27,hispanic,801,,,,3,,,0.05
1,nichd,published knot,27,hispanic,825,,,,5,,,0.05
1,nichd,published knot,27,hispanic,862,,,,10,,,0.05
1,nichd,published knot,27,hispanic,1009,,,,50,,,0.05
1,nichd,published knot,27,hispanic,1180,,,,90,,,0.05
1,nichd,published knot,27,hispanic,1234,,,,95,,,0.05
1,nichd,published knot,27,hispanic,1270,,,,97,,,0.05
1,nichd,published knot,28,hispanic,917,,,,3,,,0.05
1,nichd,published knot,28,hispanic,944,,,,5,,,0.05
1,nichd,published knot,28,hispanic,987,,,,10,,,0.05
1,nichd,published knot,28,hispanic,1156,,,,50,,,0.05
1,nichd,published knot,28,hispanic,1353,,,,90,,,0.05
1,nichd,published knot,28,hispanic,1415,,,,95,,,0.05
1,nichd,published knot,28,hispanic,1457,,,,97,,,0.05
1,nichd,published knot,29,hispanic,1043,,,,3,,,0.05
1,nichd,published knot,29,hispanic,1074,,,,5,,,0.05
1,nichd,published knot,29,hispanic,1123,,,,10,,,0.05
1,nichd,published knot,29,hispanic,1316,,,,50,,,0.05
1,nichd,published knot,29,hispanic,1543,,,,90,,,0.05
1,nichd,published knot,29,hispanic,1614,,,,95,,,0.05
1,nichd,published knot,29,hispanic,1662,,,,97,,,0.05
1,nichd,published knot,30,hispanic,1178,,,,3,,,0.05
1,nichd,published knot,30,hispanic,1214,,,,5,,,0.05
1,nichd,published knot,30,hispanic,1270,,,,10,,,0.05
1,nichd,published knot,30,hispanic,1490,,,,50,,,0.05
1,nichd,published knot,30,hispanic,1749,,,,90,,,0.05
1,nichd,published knot,30,hispanic,1830,,,,95,,,0.05
1,nichd,published knot,30,hispanic,1885,,,,97,,,0.05
1,nichd,published knot,31,hispanic,1324,,,,3,,,0.05
1,nichd,published knot,31,hispanic,1364,,,,5,,,0.05
1,nichd,published knot,31,hispanic,1428,,,,10,,,0.05
1,nichd,published knot,31,hispanic,1677,,,,50,,,0.05
1,nichd,published knot,31,hispanic,1971,,,,90,,,0.05
1,nichd,published knot,31,hispanic,2063,,,,95,,,0.05
1,nichd,published knot,31,hispanic,2126,,,,97,,,0.05
1,nichd,published knot,32,hispanic,1478,,,,3,,,0.05
1,nichd,published knot,32,hispanic,1523,,,,5,,,0.05
1,nichd,published knot,32,hispanic,1595,,,,10,,,0.05
1,nichd,published knot,32,hispanic,1877,,,,50,,,0.05
1,nichd,published knot,32,hispanic,2209,,,,90,,,0.05
1,nichd,published knot,32,hispanic,2313,,,,95,,,0.05
1,nichd,published knot,32,hispanic,2384,,,,97,,,0.05
1,nichd,published knot,33,hispanic,1638,,,,3,,,0.05
1,nichd,published knot,33,hispanic,1688,,,,5,,,0.05
1,nichd,published knot,33,hispanic,1769,,,,10,,,0.05
1,nichd,published knot,33,hispanic,2086,,,,50,,,0.05
1,nichd,published knot,33,hispanic,2460,,,,90,,,0.05
1,nichd,published knot,33,hispanic,2577,,,,95,,,0.05
1,nichd,published knot,33,hispanic,2657,,,,97,,,0.05
1,nichd,published knot,34,hispanic,1801,,,,3,,,0.05
1,nichd,published knot,34,hispanic,1857,,,,5,,,0.05
1,nichd,published knot,34,hispanic,1947,,,,10,,,0.05
1,nichd,published knot,34,hispanic,2301,,,,50,,,0.05
1,nichd,published knot,34,hispanic,2719,,,,90,,,0.05
1,nichd,published knot,34,hispanic,2851,,,,95,,,0.05
1,nichd,published knot,34,hispanic,2940,,,,97,,,0.05
1,nichd,published knot,35,hispanic,1963,,,,3,,,0.05
1,nichd,published knot,35,hispanic,2025,,,,5,,,0.05
1,nichd,published knot,35,hispanic,2125,,,,10,,,0.05
1,nichd,published knot,35,hispanic,2518,,,,50,,,0.05
1,nichd,published knot,35,hispanic,2983,,,,90,,,0.05
1,nichd,published knot,35,hispanic,3130,,,,95,,,0.05
1,nichd,published knot,35,hispanic,3229,,,,97,,,0.05
1,nichd,published knot,36,hispanic,2120,,,,3,,,0.05
1,nichd,published knot,36,hispanic,2189,,,,5,,,0.05
1,nichd,published knot,36,hispanic,2298,,,,10,,,0.05
1,nichd,published knot,36,hispanic,2731,,,,50,,,0.05
1,nichd,published knot,36,hispanic,3245,,,,90,,,0.05
1,nichd,published knot,36,hispanic,3408,,,,95,,,0.05
1,nichd,published knot,36,hispanic,3517,,,,97,,,0.05
1,nichd,published knot,37,hispanic,2269,,,,3,,,0.05
1,nichd,published knot,37,hispanic,2344,,,,5,,,0.05
1,nichd,published knot,37,hispanic,2463,,,,10,,,0.05
1,nichd,published knot,37,hispanic,2937,,,,50,,,0.05
1,nichd,published knot,37,hispanic,3502,,,,90,,,0.05
1,nichd,published knot,37,hispanic,3681,,,,95,,,0.05
1,nichd,published knot,37,hispanic,3802,,,,97,,,0.05
1,nichd,published knot,38,hispanic,2410,,,,3,,,0.05
1,nichd,published knot,38,hispanic,2491,,,,5,,,0.05
1,nichd,published knot,38,hispanic,2621,,,,10,,,0.05
1,nichd,published knot,38,hispanic,3138,,,,50,,,0.05
1,nichd,published knot,38,hispanic,3756,,,,90,,,0.05
1,nichd,published knot,38,hispanic,3953,,,,95,,,0.05
1,nichd,published knot,38,hispanic,4086,,,,97,,,0.05
1,nichd,published knot,39,hispanic,2545,,,,3,,,0.05
1,nichd,published knot,39,hispanic,2633,,,,5,,,0.05
1,nichd,published knot,39,hispanic,2774,,,,10,,,0.05
1,nichd,published knot,39,hispanic,3336,,,,50,,,0.05
1,nichd,published knot,39,hispanic,4011,,,,90,,,0.05
1,nichd,published knot,39,hispanic,4226,,,,95,,,0.05
1,nichd,published knot,39,hispanic,4372,,,,97,,,0.05
1,nichd,published knot,40,hispanic,2675,,,,3,,,0.05
1,nichd,published knot,40,hispanic,2770,,,,5,,,0.05
1,nichd,published knot,40,hispanic,2923,,,,10,,,0.05
1,nichd,published knot,40,hispanic,3534,,,,50,,,0.05
1,nichd,published knot,40,hispanic,4273,,,,90,,,0.05
1,nichd,published knot,40,hispanic,4510,,,,95,,,0.05
1,nichd,published knot,40,hispanic,4670,,,,97,,,0.05
1,nichd,published knot,15,asian,86,,,,3,,,0.05
1,nichd,published knot,15,asian,88,,,,5,,,0.05
1,nichd,published knot,15,asian,92,,,,10,,,0.05
1,nichd,published knot,15,asian,108,,,,50,,,0.05
1,nichd,published knot,15,asian,125,,,,90,,,0.05
1,nichd,published knot,15,asian,131,,,,95,,,0.05
1,nichd,published knot,15,asian,135,,,,97,,,0.05
1,nichd,published knot,16,asian,110,,,,3,,,0.05
1,nichd,published knot,16,asian,113,,,,5,,,0.05
1,nichd,published knot,16,asian,118,,,,10,,,0.05
1,nichd,published knot,16,asian,138,,,,50,,,0.05
1,nichd,published knot,16,asian,160,,,,90,,,0.05
1,nichd,published knot,16,asian,167,,,,95,,,0.05
1,nichd,published knot,16,asian,172,,,,97,,,0.05
1,nichd,published knot,17,asian,139,,,,3,,,0.05
1,nichd,published knot,17,asian,143,,,,5,,,0.05
1,nichd,published knot,17,asian,149,,,,10,,,0.05
1,nichd,published knot,17,asian,173,,,,50,,,0.05
1,nichd,published knot,17,asian,202,,,,90,,,0.05
1,nichd,published knot,17,asian,211,,,,95,,,0.05
1,nichd,published knot,17,asian,216,,,,97,,,0.05
1,nichd,published knot,18,asian,172,,,,3,,,0.05
1,nichd,published knot,18,asian,177,,,,5,,,0.05
1,nichd,published knot,18,asian,185,,,,10,,,0.05
1,nichd,published knot,18,asian,215,,,,50,,,0.05
1,nichd,published knot,18,asian,250,,,,90,,,0.05
1,nichd,published knot,18,asian,261,,,,95,,,0.05
1,nichd,published knot,18,asian,269,,,,97,,,0.05
1,nichd,published knot,19,asian,211,,,,3,,,0.05
1,nichd,published knot,19,asian,217,,,,5,,,0.05
1,nichd,published knot,19,asian,227,,,,10,,,0.05
1,nichd,published knot,19,asian,264,,,,50,,,0.05
1,nichd,published knot,19,asian,307,,,,90,,,0.05
1,nichd,published knot,19,asian,321,,,,95,,,0.05
1,nichd,published knot,19,asian,330,,,,97,,,0.05
1,nichd,published knot,20,asian,257,,,,3,,,0.05
1,nichd,published knot,20,asian,264,,,,5,,,0.05
1,nichd,published knot,20,asian,275,,,,10,,,0.05
1,nichd,published knot,20,asian,320,,,,50,,,0.05
1,nichd,published knot,20,asian,373,,,,90,,,0.05
1,nichd,published knot,20,asian,389,,,,95,,,0.05
1,nichd,published knot,20,asian,400,,,,97,,,0.05
1,nichd,published knot,21,asian,308,,,,3,,,0.05
1,nichd,published knot,21,asian,317,,,,5,,,0.05
1,nichd,published knot,21,asian,331,,,,10,,,0.05
1,nichd,published knot,21,asian,385,,,,50,,,0.05
1,nichd,published knot,21,asian,447,,,,90,,,0.05
1,nichd,published knot,21,asian,467,,,,95,,,0.05
1,nichd,published knot,21,asian,480,,,,97,,,0.05
1,nichd,published knot,22,asian,367,,,,3,,,0.05
1,nichd,published knot,22,asian,378,,,,5,,,0.05
1,nichd,published knot,22,asian,394,,,,10,,,0.05
1,nichd,published knot,22,asian,458,,,,50,,,0.05
1,nichd,published knot,22,asian,532,,,,90,,,0.05
1,nichd,published knot,22,asian,556,,,,95,,,0.05
1,nichd,published knot,22,asian,571,,,,97,,,0.05
1,nichd,published knot,23,asian,434,,,,3,,,0.05
1,nichd,published knot,23,asian,446,,,,5,,,0.05
1,nichd,published knot,23,asian,466,,,,10,,,0.05
1,nichd,published knot,23,asian,541,,,,50,,,0.05
1,nichd,published knot,23,asian,628,,,,90,,,0.05
1,nichd,published knot,23,asian,656,,,,95,,,0.05
1,nichd,published knot,23,asian,674,,,,97,,,0.05
1,nichd,published knot,24,asian,509,,,,3,,,0.05
1,nichd,published knot,24,asian,524,,,,5,,,0.05
1,nichd,published knot,24,asian,546,,,,10,,,0.05
1,nichd,published knot,24,asian,634,,,,50,,,0.05
1,nichd,published knot,24,asian,737,,,,90,,,0.05
1,nichd,published knot,24,asian,769,,,,95,,,0.05
1,nichd,published knot,24,asian,790,,,,97,,,0.05
1,nichd,published knot,25,asian,594,,,,3,,,0.05
1,nichd,published knot,25,asian,611,,,,5,,,0.05
1,nichd,published knot,25,asian,637,,,,10,,,0.05
1,nichd,published knot,25,asian,740,,,,50,,,0.05
1,nichd,published knot,25,asian,859,,,,90,,,0.05
1,nichd,published knot,25,asian,896,,,,95,,,0.05
1,nichd,published knot,25,asian,921,,,,97,,,0.05
1,nichd,published knot,26,asian,690,,,,3,,,0.05
1,nichd,published knot,26,asian,709,,,,5,,,0.05
1,nichd,published knot,26,asian,740,,,,10,,,0.05
1,nichd,published knot,26,asian,859,,,,50,,,0.05
1,nichd,published knot,26,asian,997,,,,90,,,0.05
1,nichd,published knot,26,asian,1040,,,,95,,,0.05
1,nichd,published knot,26,asian,1069,,,,97,,,0.05
1,nichd,published knot,27,asian,796,,,,3,,,0.05
1,nichd,published knot,27,asian,818,,,,5,,,0.05
1,nichd,published knot,27,asian,853,,,,10,,,0.05
1,nichd,published knot,27,asian,990,,,,50,,,0.05
1,nichd,published knot,27,asian,1149,,,,90,,,0.05
1,nichd,published knot,27,asian,1199,,,,95,,,0.05
1,nichd,published knot,27,asian,1232,,,,97,,,0.05
1,nichd,published knot,28,asian,913,,,,3,,,0.05
1,nichd,published knot,28,asian,938,,,,5,,,0.05
1,nichd,published knot,28,asian,978,,,,10,,,0.05
1,nichd,published knot,28,asian,1136,,,,50,,,0.05
1,nichd,published knot,28,asian,1318,,,,90,,,0.05
1,nichd,published knot,28,asian,1375,,,,95,,,0.05
1,nichd,published knot,28,asian,1413,,,,97,,,0.05
1,nichd,published knot,29,asian,1039,,,,3,,,0.05
1,nichd,published knot,29,asian,1068,,,,5,,,0.05
1,nichd,published knot,29,asian,1114,,,,10,,,0.05
1,nichd,published knot,29,asian,1293,,,,50,,,0.05
1,nichd,published knot,29,asian,1501,,,,90,,,0.05
1,nichd,published knot,29,asian,1566,,,,95,,,0.05
1,nichd,published knot,29,asian,1609,,,,97,,,0.05
1,nichd,published knot,30,asian,1175,,,,3,,,0.05
1,nichd,published knot,30,asian,1208,,,,5,,,0.05
1,nichd,published knot,30,asian,1260,,,,10,,,0.05
1,nichd,published knot,30,asian,1463,,,,50,,,0.05
1,nichd,published knot,30,asian,1698,,,,90,,,0.05
1,nichd,published knot,30,asian,1772,,,,95,,,0.05
1,nichd,published knot,30,asian,1821,,,,97,,,0.05
1,nichd,published knot,31,asian,1318,,,,3,,,0.05
1,nichd,published knot,31,asian,1355,,,,5,,,0.05
1,nichd,published knot,31,asian,1414,,,,10,,,0.05
1,nichd,published knot,31,asian,1642,,,,50,,,0.05
1,nichd,published knot,31,asian,1908,,,,90,,,0.05
1,nichd,published knot,31,asian,1991,,,,95,,,0.05
1,nichd,published knot,31,asian,2047,,,,97,,,0.05
1,nichd,published knot,32,asian,1467,,,,3,,,0.05
1,nichd,published knot,32,asian,1508,,,,5,,,0.05
1,nichd,published knot,32,asian,1574,,,,10,,,0.05
1,nichd,published knot,32,asian,1830,,,,50,,,0.05
1,nichd,published knot,32,asian,2129,,,,90,,,0.05
1,nichd,published knot,32,asian,2222,,,,95,,,0.05
1,nichd,published knot,32,asian,2284,,,,97,,,0.05
1,nichd,published knot,33,asian,1620,,,,3,,,0.05
1,nichd,published knot,33,asian,1667,,,,5,,,0.05
1,nichd,published knot,33,asian,1740,,,,10,,,0.05
1,nichd,published knot,33,asian,2026,,,,50,,,0.05
1,nichd,published knot,33,asian,2360,,,,90,,,0.05
1,nichd,published knot,33,asian,2464,,,,95,,,0.05
1,nichd,published knot,33,asian,2534,,,,97,,,0.05
1,nichd,published knot,34,asian,1778,,,,3,,,0.05
1,nichd,published knot,34,asian,1829,,,,5,,,0.05
1,nichd,published knot,34,asian,1911,,,,10,,,0.05
1,nichd,published knot,34,asian,2229,,,,50,,,0.05
1,nichd,published knot,34,asian,2600,,,,90,,,0.05
1,nichd,published knot,34,asian,2717,,,,95,,,0.05
1,nichd,published knot,34,asian,2795,,,,97,,,0.05
1,nichd,published knot,35,asian,1938,,,,3,,,0.05
1,nichd,published knot,35,asian,1995,,,,5,,,0.05
1,nichd,published knot,35,asian,2085,,,,10,,,0.05
1,nichd,published knot,35,asian,2438,,,,50,,,0.05
1,nichd,published knot,35,asian,2851,,,,90,,,0.05
1,nichd,published knot,35,asian,2980,,,,95,,,0.05
1,nichd,published knot,35,asian,3067,,,,97,,,0.05
1,nichd,published knot,36,asian,2100,,,,3,,,0.05
1,nichd,published knot,36,asian,2162,,,,5,,,0.05
1,nichd,published knot,36,asian,2262,,,,10,,,0.05
1,nichd,published knot,36,asian,2653,,,,50,,,0.05
1,nichd,published knot,36,asian,3111,,,,90,,,0.05
1,nichd,published knot,36,asian,3255,,,,95,,,0.05
1,nichd,published knot,36,asian,3352,,,,97,,,0.05
1,nichd,published knot,37,asian,2259,,,,3,,,0.05
1,nichd,published knot,37,asian,2327,,,,5,,,0.05
1,nichd,published knot,37,asian,2437,,,,10,,,0.05
1,nichd,published knot,37,asian,2869,,,,50,,,0.05
1,nichd,published knot,37,asian,3376,,,,90,,,0.05
1,nichd,published knot,37,asian,3536,,,,95,,,0.05
1,nichd,published knot,37,asian,3644,,,,97,,,0.05
1,nichd,published knot,38,asian,2408,,,,3,,,0.05
1,nichd,published knot,38,asian,2483,,,,5,,,0.05
1,nichd,published knot,38,asian,2604,,,,10,,,0.05
1,nichd,published knot,38,asian,3077,,,,50,,,0.05
1,nichd,published knot,38,asian,3637,,,,90,,,0.05
1,nichd,published knot,38,asian,3814,,,,95,,,0.05
1,nichd,published knot,38,asian,3933,,,,97,,,0.05
1,nichd,published knot,39,asian,2539,,,,3,,,0.05
1,nichd,published knot,39,asian,2621,,,,5,,,0.05
1,nichd,published knot,39,asian,2752,,,,10,,,0.05
1,nichd,published knot,39,asian,3269,,,,50,,,0.05
1,nichd,published knot,39,asian,3884,,,,90,,,0.05
1,nichd,published knot,39,asian,4078,,,,95,,,0.05
1,nichd,published knot,39,asian,4210,,,,97,,,0.05
1,nichd,published knot,40,asian,2643,,,,3,,,0.05
1,nichd,published knot,40,asian,2731,,,,5,,,0.05
1,nichd,published knot,40,asian,2873,,,,10,,,0.05
1,nichd,published knot,40,asian,3434,,,,50,,,0.05
1,nichd,published knot,40,asian,4105,,,,90,,,0.05
1,nichd,published knot,40,asian,4318,,,,95,,,0.05
1,nichd,published knot,40,asian,4462,,,,97,,,0.05
1,who,published knot,14,combined,70,,,,2.5,,,0.05
1,who,published knot,14,combined,73,,,,5,,,0.05
1,who,published knot,14,combined,78,,,,10,,,0.05
1,who,published knot,14,combined,83,,,,25,,,0.05
1,who,published knot,14,combined,90,,,,50,,,0.05
1,who,published knot,14,combined,98,,,,75,,,0.05
1,who,published knot,14,combined,104,,,,90,,,0.05
1,who,published knot,14,combined,109,,,,95,,,0.05
1,who,published knot,14,combined,113,,,,97.5,,,0.05
1,who,published knot,15,combined,89,,,,2.5,,,0.05
1,who,published knot,15,combined,93,,,,5,,,0.05
1,who,published knot,15,combined,99,,,,10,,,0.05
1,who,published knot,15,combined,106,,,,25,,,0.05
1,who,published knot,15,combined,114,,,,50,,,0.05
1,who,published knot,15,combined,124,,,,75,,,0.05
1,who,published knot,15,combined,132,,,,90,,,0.05
1,who,published knot,15,combined,138,,,,95,,,0.05
1,who,published knot,15,combined,144,,,,97.5,,,0.05
1,who,published knot,16,combined,113,,,,2.5,,,0.05
1,who,published knot,16,combined,117,,,,5,,,0.05
1,who,published knot,16,combined,124,,,,10,,,0.05
1,who,published knot,16,combined,133,,,,25,,,0.05
1,who,published knot,16,combined,144,,,,50,,,0.05
1,who,published knot,16,combined,155,,,,75,,,0.05
1,who,published knot,16,combined,166,,,,90,,,0.05
1,who,published knot,16,combined,174,,,,95,,,0.05
1,who,published knot,16,combined,181,,,,97.5,,,0.05
1,who,published knot,17,combined,141,,,,2.5,,,0.05
1,who,published knot,17,combined,146,,,,5,,,0.05
1,who,published knot,17,combined,155,,,,10,,,0.05
1,who,published knot,17,combined,166,,,,25,,,0.05
1,who,published knot,17,combined,179,,,,50,,,0.05
1,who,published knot,17,combined,193,,,,75,,,0.05
1,who,published knot,17,combined,207,,,,90,,,0.05
1,who,published knot,17,combined,217,,,,95,,,0.05
1,who,published knot,17,combined,225,,,,97.5,,,0.05
1,who,published knot,18,combined,174,,,,2.5,,,0.05
1,who,published knot,18,combined,181,,,,5,,,0.05
1,who,published knot,18,combined,192,,,,10,,,0.05
1,who,published knot,18,combined,206,,,,25,,,0.05
1,who,published knot,18,combined,222,,,,50,,,0.05
1,who,published knot,18,combined,239,,,,75,,,0.05
1,who,published knot,18,combined,255,,,,90,,,0.05
1,who,published knot,18,combined,268,,,,95,,,0.05
1,who,published knot,18,combined,278,,,,97.5,,,0.05
1,who,published knot,19,combined,214,,,,2.5,,,0.05
1,who,published knot,19,combined,223,,,,5,,,0.05
1,who,published knot,19,combined,235,,,,10,,,0.05
1,who,published knot,19,combined,252,,,,25,,,0.05
1,who,published knot,19,combined,272,,,,50,,,0.05
1,who,published knot,19,combined,292,,,,75,,,0.05
1,who,published knot,19,combined,313,,,,90,,,0.05
1,who,published knot,19,combined,328,,,,95,,,0.05
1,who,published knot,19,combined,340,,,,97.5,,,0.05
1,who,published knot,20,combined,260,,,,2.5,,,0.05
1,who,published knot,20,combined,271,,,,5,,,0.05
1,who,published knot,20,combined,286,,,,10,,,0.05
1,who,published knot,20,combined,307,,,,25,,,0.05
1,who,published knot,20,combined,330,,,,50,,,0.05
1,who,published knot,20,combined,355,,,,75,,,0.05
1,who,published knot,20,combined,380,,,,90,,,0.05
1,who,published knot,20,combined,399,,,,95,,,0.05
1,who,published knot,20,combined,413,,,,97.5,,,0.05
1,who,published knot,21,combined,314,,,,2.5,,,0.05
1,who,published knot,21,combined,327,,,,5,,,0.05
1,who,published knot,21,combined,345,,,,10,,,0.05
1,who,published knot,21,combined,370,,,,25,,,0.05
1,who,published knot,21,combined,398,,,,50,,,0.05
1,who,published knot,21,combined,428,,,,75,,,0.05
1,who,published knot,21,combined,458,,,,90,,,0.05
1,who,published knot,21,combined,481,,,,95,,,0.05
1,who,published knot,21,combined,497,,,,97.5,,,0.05
1,who,published knot,22,combined,375,,,,2.5,,,0.05
1,who,published knot,22,combined,392,,,,5,,,0.05
1,who,published knot,22,combined,412,,,,10,,,0.05
1,who,published knot,22,combined,443,,,,25,,,0.05
1,who,published knot,22,combined,476,,,,50,,,0.05
1,who,published knot,22,combined,512,,,,75,,,0.05
1,who,published knot,22,combined,548,,,,90,,,0.05
1,who,published knot,22,combined,575,,,,95,,,0.05
1,who,published knot,22,combined,595,,,,97.5,,,0.05
1,who,published knot,23,combined,445,,,,2.5,,,0.05
1,who,published knot,23,combined,465,,,,5,,,0.05
1,who,published knot,23,combined,489,,,,10,,,0.05
1,who,published knot,23,combined,525,,,,25,,,0.05
1,who,published knot,23,combined,565,,,,50,,,0.05
1,who,published knot,23,combined,608,,,,75,,,0.05
1,who,published knot,23,combined,650,,,,90,,,0.05
1,who,published knot,23,combined,682,,,,95,,,0.05
1,who,published knot,23,combined,705,,,,97.5,,,0.05
1,who,published knot,24,combined,523,,,,2.5,,,0.05
1,who,published knot,24,combined,548,,,,5,,,0.05
1,who,published knot,24,combined,576,,,,10,,,0.05
1,who,published knot,24,combined,618,,,,25,,,0.05
1,who,published knot,24,combined,665,,,,50,,,0.05
1,who,published knot,24,combined,715,,,,75,,,0.05
1,who,published knot,24,combined,765,,,,90,,,0.05
1,who,published knot,24,combined,803,,,,95,,,0.05
1,who,published knot,24,combined,830,,,,97.5,,,0.05
1,who,published knot,25,combined,611,,,,2.5,,,0.05
1,who,published knot,25,combined,641,,,,5,,,0.05
1,who,published knot,25,combined,673,,,,10,,,0.05
1,who,published knot,25,combined,723,,,,25,,,0.05
1,who,published knot,25,combined,778,,,,50,,,0.05
1,who,published knot,25,combined,836,,,,75,,,0.05
1,who,published knot,25,combined,894,,,,90,,,0.05
1,who,published knot,25,combined,938,,,,95,,,0.05
1,who,published knot,25,combined,970,,,,97.5,,,0.05
1,who,published knot,26,combined,707,,,,2.5,,,0.05
1,who,published knot,26,combined,743,,,,5,,,0.05
1,who,published knot,26,combined,780,,,,10,,,0.05
1,who,published knot,26,combined,838,,,,25,,,0.05
1,who,published knot,26,combined,902,,,,50,,,0.05
1,who,published knot,26,combined,971,,,,75,,,0.05
1,who,published knot,26,combined,1038,,,,90,,,0.05
1,who,published knot,26,combined,1087,,,,95,,,0.05
1,who,published knot,26,combined,1125,,,,97.5,,,0.05
1,who,published knot,27,combined,813,,,,2.5,,,0.05
1,who,published knot,27,combined,855,,,,5,,,0.05
1,who,published knot,27,combined,898,,,,10,,,0.05
1,who,published knot,27,combined,964,,,,25,,,0.05
1,who,published knot,27,combined,1039,,,,50,,,0.05
1,who,published knot,27,combined,1118,,,,75,,,0.05
1,who,published knot,27,combined,1196,,,,90,,,0.05
1,who,published knot,27,combined,1251,,,,95,,,0.05
1,who,published knot,27,combined,1295,,,,97.5,,,0.05
1,who,published knot,28,combined,929,,,,2.5,,,0.05
1,who,published knot,28,combined,977,,,,5,,,0.05
1,who,published knot,28,combined,1026,,,,10,,,0.05
1,who,published knot,28,combined,1102,,,,25,,,0.05
1,who,published knot,28,combined,1189,,,,50,,,0.05
1,who,published knot,28,combined,1279,,,,75,,,0.05
1,who,published knot,28,combined,1368,,,,90,,,0.05
1,who,published knot,28,combined,1429,,,,95,,,0.05
1,who,published knot,28,combined,1481,,,,97.5,,,0.05
1,who,published knot,29,combined,1053,,,,2.5,,,0.05
1,who,published knot,29,combined,1108,,,,5,,,0.05
1,who,published knot,29,combined,1165,,,,10,,,0.05
1,who,published knot,29,combined,1251,,,,25,,,0.05
1,who,published knot,29,combined,1350,,,,50,,,0.05
1,who,published knot,29,combined,1453,,,,75,,,0.05
1,who,published knot,29,combined,1554,,,,90,,,0.05
1,who,published knot,29,combined,1622,,,,95,,,0.05
1,who,published knot,29,combined,1682,,,,97.5,,,0.05
1,who,published knot,30,combined,1185,,,,2.5,,,0.05
1,who,published knot,30,combined,1247,,,,5,,,0.05
1,who,published knot,30,combined,1313,,,,10,,,0.05
1,who,published knot,30,combined,1410,,,,25,,,0.05
1,who,published knot,30,combined,1523,,,,50,,,0.05
1,who,published knot,30,combined,1640,,,,75,,,0.05
1,who,published knot,30,combined,1753,,,,90,,,0.05
1,who,published knot,30,combined,1828,,,,95,,,0.05
1,who,published knot,30,combined,1897,,,,97.5,,,0.05
1,who,published knot,31,combined,1326,,,,2.5,,,0.05
1,who,published knot,31,combined,1394,,,,5,,,0.05
1,who,published knot,31,combined,1470,,,,10,,,0.05
1,who,published knot,31,combined,1579,,,,25,,,0.05
1,who,published knot,31,combined,1707,,,,50,,,0.05
1,who,published knot,31,combined,1838,,,,75,,,0.05
1,who,published knot,31,combined,1964,,,,90,,,0.05
1,who,published knot,31,combined,2046,,,,95,,,0.05
1,who,published knot,31,combined,2126,,,,97.5,,,0.05
1,who,published knot,32,combined,1473,,,,2.5,,,0.05
1,who,published knot,32,combined,1548,,,,5,,,0.05
1,who,published knot,32,combined,1635,,,,10,,,0.05
1,who,published knot,32,combined,1757,,,,25,,,0.05
1,who,published knot,32,combined,1901,,,,50,,,0.05
1,who,published knot,32,combined,2047,,,,75,,,0.05
1,who,published knot,32,combined,2187,,,,90,,,0.05
1,who,published knot,32,combined,2276,,,,95,,,0.05
1,who,published knot,32,combined,2367,,,,97.5,,,0.05
1,who,published knot,33,combined,1626,,,,2.5,,,0.05
1,who,published knot,33,combined,1708,,,,5,,,0.05
1,who,published knot,33,combined,1807,,,,10,,,0.05
1,who,published knot,33,combined,1942,,,,25,,,0.05
1,who,published knot,33,combined,2103,,,,50,,,0.05
1,who,published knot,33,combined,2266,,,,75,,,0.05
1,who,published knot,33,combined,2419,,,,90,,,0.05
1,who,published knot,33,combined,2516,,,,95,,,0.05
1,who,published knot,33,combined,2619,,,,97.5,,,0.05
1,who,published knot,34,combined,1785,,,,2.5,,,0.05
1,who,published knot,34,combined,1872,,,,5,,,0.05
1,who,published knot,34,combined,1985,,,,10,,,0.05
1,who,published knot,34,combined,2134,,,,25,,,0.05
1,who,published knot,34,combined,2312,,,,50,,,0.05
1,who,published knot,34,combined,2492,,,,75,,,0.05
1,who,published knot,34,combined,2659,,,,90,,,0.05
1,who,published knot,34,combined,2764,,,,95,,,0.05
1,who,published knot,34,combined,2880,,,,97.5,,,0.05
1,who,published knot,35,combined,1948,,,,2.5,,,0.05
1,who,published knot,35,combined,2038,,,,5,,,0.05
1,who,published knot,35,combined,2167,,,,10,,,0.05
1,who,published knot,35,combined,2330,,,,25,,,0.05
1,who,published knot,35,combined,2527,,,,50,,,0.05
1,who,published knot,35,combined,2723,,,,75,,,0.05
1,who,published knot,35,combined,2904,,,,90,,,0.05
1,who,published knot,35,combined,3018,,,,95,,,0.05
1,who,published knot,35,combined,3148,,,,97.5,,,0.05
1,who,published knot,36,combined,2113,,,,2.5,,,0.05
1,who,published knot,36,combined,2205,,,,5,,,0.05
1,who,published knot,36,combined,2352,,,,10,,,0.05
1,who,published knot,36,combined,2531,,,,25,,,0.05
1,who,published knot,36,combined,2745,,,,50,,,0.05
1,who,published knot,36,combined,2959,,,,75,,,0.05
1,who,published knot,36,combined,3153,,,,90,,,0.05
1,who,published knot,36,combined,3277,,,,95,,,0.05
1,who,published knot,36,combined,3422,,,,97.5,,,0.05
1,who,published knot,37,combined,2280,,,,2.5,,,0.05
1,who,published knot,37,combined,2372,,,,5,,,0.05
1,who,published knot,37,combined,2537,,,,10,,,0.05
1,who,published knot,37,combined,2733,,,,25,,,0.05
1,who,published knot,37,combined,2966,,,,50,,,0.05
1,who,published knot,37,combined,3195,,,,75,,,0.05
1,who,published knot,37,combined,3403,,,,90,,,0.05
1,who,published knot,37,combined,3538,,,,95,,,0.05
1,who,published knot,37,combined,3697,,,,97.5,,,0.05
1,who,published knot,38,combined,2446,,,,2.5,,,0.05
1,who,published knot,38,combined,2536,,,,5,,,0.05
1,who,published knot,38,combined,2723,,,,10,,,0.05
1,who,published knot,38,combined,2935,,,,25,,,0.05
1,who,published knot,38,combined,3186,,,,50,,,0.05
1,who,published knot,38,combined,3432,,,,75,,,0.05
1,who,published knot,38,combined,3652,,,,90,,,0.05
1,who,published knot,38,combined,3799,,,,95,,,0.05
1,who,published knot,38,combined,3973,,,,97.5,,,0.05
1,who,published knot,39,combined,2612,,,,2.5,,,0.05
1,who,published knot,39,combined,2696,,,,5,,,0.05
1,who,published knot,39,combined,2905,,,,10,,,0.05
1,who,published knot,39,combined,3135,,,,25,,,0.05
1,who,published knot,39,combined,3403,,,,50,,,0.05
1,who,published knot,39,combined,3664,,,,75,,,0.05
1,who,published knot,39,combined,3897,,,,90,,,0.05
1,who,published knot,39,combined,4058,,,,95,,,0.05
1,who,published knot,39,combined,4247,,,,97.5,,,0.05
1,who,published knot,40,combined,2775,,,,2.5,,,0.05
1,who,published knot,40,combined,2849,,,,5,,,0.05
1,who,published knot,40,combined,3084,,,,10,,,0.05
1,who,published knot,40,combined,3333,,,,25,,,0.05
1,who,published knot,40,combined,3617,,,,50,,,0.05
1,who,published knot,40,combined,3892,,,,75,,,0.05
1,who,published knot,40,combined,4135,,,,90,,,0.05
1,who,published knot,40,combined,4312,,,,95,,,0.05
1,who,published knot,40,combined,4515,,,,97.5,,,0.05
1,who,published knot,14,female,73,,,,5,,,0.05
1,who,published knot,14,female,77,,,,10,,,0.05
1,who,published knot,14,female,82,,,,25,,,0.05
1,who,published knot,14,female,89,,,,50,,,0.05
1,who,published knot,14,female,96,,,,75,,,0.05
1,who,published knot,14,female,102,,,,90,,,0.05
1,who,published knot,14,female,107,,,,95,,,0.05
1,who,published knot,15,female,92,,,,5,,,0.05
1,who,published knot,15,female,97,,,,10,,,0.05
1,who,published knot,15,female,104,,,,25,,,0.05
1,who,published knot,15,female,113,,,,50,,,0.05
1,who,published knot,15,female,121,,,,75,,,0.05
1,who,published knot,15,female,129,,,,90,,,0.05
1,who,published knot,15,female,135,,,,95,,,0.05
1,who,published knot,16,female,116,,,,5,,,0.05
1,who,published knot,16,female,122,,,,10,,,0.05
1,who,published knot,16,female,131,,,,25,,,0.05
1,who,published knot,16,female,141,,,,50,,,0.05
1,who,published knot,16,female,152,,,,75,,,0.05
1,who,published knot,16,female,162,,,,90,,,0.05
1,who,published knot,16,female,170,,,,95,,,0.05
1,who,published knot,17,female,145,,,,5,,,0.05
1,who,published knot,17,female,152,,,,10,,,0.05
1,who,published knot,17,female,164,,,,25,,,0.05
1,who,published knot,17,female,176,,,,50,,,0.05
1,who,published knot,17,female,189,,,,75,,,0.05
1,who,published knot,17,female,202,,,,90,,,0.05
1,who,published knot,17,female,211,,,,95,,,0.05
1,who,published knot,18,female,180,,,,5,,,0.05
1,who,published knot,18,female,188,,,,10,,,0.05
1,who,published knot,18,female,202,,,,25,,,0.05
1,who,published knot,18,female,217,,,,50,,,0.05
1,who,published knot,18,female,233,,,,75,,,0.05
1,who,published knot,18,female,248,,,,90,,,0.05
1,who,published knot,18,female,261,,,,95,,,0.05
1,who,published knot,19,female,221,,,,5,,,0.05
1,who,published knot,19,female,231,,,,10,,,0.05
1,who,published knot,19,female,248,,,,25,,,0.05
1,who,published knot,19,female,266,,,,50,,,0.05
1,who,published knot,19,female,285,,,,75,,,0.05
1,who,published knot,19,female,304,,,,90,,,0.05
1,who,published knot,19,female,319,,,,95,,,0.05
1,who,published knot,20,female,269,,,,5,,,0.05
1,who,published knot,20,female,281,,,,10,,,0.05
1,who,published knot,20,female,302,,,,25,,,0.05
1,who,published knot,20,female,322,,,,50,,,0.05
1,who,published knot,20,female,346,,,,75,,,0.05
1,who,published knot,20,female,369,,,,90,,,0.05
1,who,published knot,20,female,387,,,,95,,,0.05
1,who,published knot,21,female,324,,,,5,,,0.05
1,who,published knot,21,female,339,,,,10,,,0.05
1,who,published knot,21,female,364,,,,25,,,0.05
1,who,published knot,21,female,388,,,,50,,,0.05
1,who,published knot,21,female,417,,,,75,,,0.05
1,who,published knot,21,female,444,,,,90,,,0.05
1,who,published knot,21,female,466,,,,95,,,0.05
1,who,published knot,22,female,388,,,,5,,,0.05
1,who,published knot,22,female,405,,,,10,,,0.05
1,who,published knot,22,female,435,,,,25,,,0.05
1,who,published knot,22,female,464,,,,50,,,0.05
1,who,published knot,22,female,499,,,,75,,,0.05
1,who,published knot,22,female,530,,,,90,,,0.05
1,who,published knot,22,female,557,,,,95,,,0.05
1,who,published knot,23,female,461,,,,5,,,0.05
1,who,published knot,23,female,481,,,,10,,,0.05
1,who,published knot,23,female,516,,,,25,,,0.05
1,who,published knot,23,female,551,,,,50,,,0.05
1,who,published knot,23,female,592,,,,75,,,0.05
1,who,published knot,23,female,629,,,,90,,,0.05
1,who,published knot,23,female,660,,,,95,,,0.05
1,who,published knot,24,female,542,,,,5,,,0.05
1,who,published knot,24,female,567,,,,10,,,0.05
1,who,published knot,24,female,608,,,,25,,,0.05
1,who,published knot,24,female,649,,,,50,,,0.05
1,who,published knot,24,female,697,,,,75,,,0.05
1,who,published knot,24,female,740,,,,90,,,0.05
1,who,published knot,24,female,776,,,,95,,,0.05
1,who,published knot,25,female,634,,,,5,,,0.05
1,who,published knot,25,female,663,,,,10,,,0.05
1,who,published knot,25,female,710,,,,25,,,0.05
1,who,published knot,25,female,758,,,,50,,,0.05
1,who,published knot,25,female,815,,,,75,,,0.05
1,who,published knot,25,female,865,,,,90,,,0.05
1,who,published knot,25,female,907,,,,95,,,0.05
1,who,published knot,26,female,735,,,,5,,,0.05
1,who,published knot,26,female,769,,,,10,,,0.05
1,who,published knot,26,female,823,,,,25,,,0.05
1,who,published knot,26,female,880,,,,50,,,0.05
1,who,published knot,26,female,946,,,,75,,,0.05
1,who,published knot,26,female,1003,,,,90,,,0.05
1,who,published knot,26,female,1051,,,,95,,,0.05
1,who,published knot,27,female,846,,,,5,,,0.05
1,who,published knot,27,female,886,,,,10,,,0.05
1,who,published knot,27,female,948,,,,25,,,0.05
1,who,published knot,27,female,1014,,,,50,,,0.05
1,who,published knot,27,female,1090,,,,75,,,0.05
1,who,published knot,27,female,1156,,,,90,,,0.05
1,who,published knot,27,female,1210,,,,95,,,0.05
1,who,published knot,28,female,967,,,,5,,,0.05
1,who,published knot,28,female,1013,,,,10,,,0.05
1,who,published knot,28,female,1083,,,,25,,,0.05
1,who,published knot,28,female,1160,,,,50,,,0.05
1,who,published knot,28,female,1247,,,,75,,,0.05
1,who,published knot,28,female,1323,,,,90,,,0.05
1,who,published knot,28,female,1383,,,,95,,,0.05
1,who,published knot,29,female,1096,,,,5,,,0.05
1,who,published knot,29,female,1150,,,,10,,,0.05
1,who,published knot,29,female,1230,,,,25,,,0.05
1,who,published knot,29,female,1319,,,,50,,,0.05
1,who,published knot,29,female,1418,,,,75,,,0.05
1,who,published knot,29,female,1505,,,,90,,,0.05
1,who,published knot,29,female,1570,,,,95,,,0.05
1,who,published knot,30,female,1234,,,,5,,,0.05
1,who,published knot,30,female,1296,,,,10,,,0.05
1,who,published knot,30,female,1386,,,,25,,,0.05
1,who,published knot,30,female,1489,,,,50,,,0.05
1,who,published knot,30,female,1601,,,,75,,,0.05
1,who,published knot,30,female,1699,,,,90,,,0.05
1,who,published knot,30,female,1770,,,,95,,,0.05
1,who,published knot,31,female,1379,,,,5,,,0.05
1,who,published knot,31,female,1451,,,,10,,,0.05
1,who,published knot,31,female,1553,,,,25,,,0.05
1,who,published knot,31,female,1670,,,,50,,,0.05
1,who,published knot,31,female,1796,,,,75,,,0.05
1,who,published knot,31,female,1907,,,,90,,,0.05
1,who,published knot,31,female,1984,,,,95,,,0.05
1,who,published knot,32,female,1530,,,,5,,,0.05
1,who,published knot,32,female,1614,,,,10,,,0.05
1,who,published knot,32,female,1728,,,,25,,,0.05
1,who,published knot,32,female,1861,,,,50,,,0.05
1,who,published knot,32,female,2002,,,,75,,,0.05
1,who,published knot,32,female,2127,,,,90,,,0.05
1,who,published knot,32,female,2209,,,,95,,,0.05
1,who,published knot,33,female,1687,,,,5,,,0.05
1,who,published knot,33,female,1783,,,,10,,,0.05
1,who,published knot,33,female,1911,,,,25,,,0.05
1,who,published knot,33,female,2060,,,,50,,,0.05
1,who,published knot,33,female,2217,,,,75,,,0.05
1,who,published knot,33,female,2358,,,,90,,,0.05
1,who,published knot,33,female,2445,,,,95,,,0.05
1,who,published knot,34,female,1847,,,,5,,,0.05
1,who,published knot,34,female,1957,,,,10,,,0.05
1,who,published knot,34,female,2101,,,,25,,,0.05
1,who,published knot,34,female,2268,,,,50,,,0.05
1,who,published knot,34,female,2440,,,,75,,,0.05
1,who,published knot,34,female,2598,,,,90,,,0.05
1,who,published knot,34,female,2690,,,,95,,,0.05
1,who,published knot,35,female,2008,,,,5,,,0.05
1,who,published knot,35,female,2135,,,,10,,,0.05
1,who,published knot,35,female,2296,,,,25,,,0.05
1,who,published knot,35,female,2481,,,,50,,,0.05
1,who,published knot,35,female,2669,,,,75,,,0.05
1,who,published knot,35,female,2846,,,,90,,,0.05
1,who,published knot,35,female,2943,,,,95,,,0.05
1,who,published knot,36,female,2169,,,,5,,,0.05
1,who,published knot,36,female,2314,,,,10,,,0.05
1,who,published knot,36,female,2494,,,,25,,,0.05
1,who,published knot,36,female,2698,,,,50,,,0.05
1,who,published knot,36,female,2902,,,,75,,,0.05
1,who,published knot,36,female,3099,,,,90,,,0.05
1,who,published knot,36,female,3201,,,,95,,,0.05
1,who,published knot,37,female,2329,,,,5,,,0.05
1,who,published knot,37,female,2493,,,,10,,,0.05
1,who,published knot,37,female,2695,,,,25,,,0.05
1,who,published knot,37,female,2917,,,,50,,,0.05
1,who,published knot,37,female,3138,,,,75,,,0.05
1,who,published knot,37,female,3357,,,,90,,,0.05
1,who,published knot,37,female,3462,,,,95,,,0.05
1,who,published knot,38,female,2484,,,,5,,,0.05
1,who,published knot,38,female,2670,,,,10,,,0.05
1,who,published knot,38,female,2896,,,,25,,,0.05
1,who,published knot,38,female,3136,,,,50,,,0.05
1,who,published knot,38,female,3373,,,,75,,,0.05
1,who,published knot,38,female,3616,,,,90,,,0.05
1,who,published knot,38,female,3725,,,,95,,,0.05
1,who,published knot,39,female,2633,,,,5,,,0.05
1,who,published knot,39,female,2843,,,,10,,,0.05
1,who,published knot,39,female,3096,,,,25,,,0.05
1,who,published knot,39,female,3354,,,,50,,,0.05
1,who,published knot,39,female,3605,,,,75,,,0.05
1,who,published knot,39,female,3875,,,,90,,,0.05
1,who,published knot,39,female,3988,,,,95,,,0.05
1,who,published knot,40,female,2775,,,,5,,,0.05
1,who,published knot,40,female,3010,,,,10,,,0.05
1,who,published knot,40,female,3294,,,,25,,,0.05
1,who,published knot,40,female,3567,,,,50,,,0.05
1,who,published knot,40,female,3832,,,,75,,,0.05
1,who,published knot,40,female,4131,,,,90,,,0.05
1,who,published knot,40,female,4247,,,,95,,,0.05
1,who,published knot,14,male,75,,,,5,,,0.05
1,who,published knot,14,male,79,,,,10,,,0.05
1,who,published knot,14,male,84,,,,25,,,0.05
1,who,published knot,14,male,92,,,,50,,,0.05
1,who,published knot,14,male,99,,,,75,,,0.05
1,who,published knot,14,male,105,,,,90,,,0.05
1,who,published knot,14,male,109,,,,95,,,0.05
1,who,published knot,15,male,96,,,,5,,,0.05
1,who,published knot,15,male,100,,,,10,,,0.05
1,who,published knot,15,male,107,,,,25,,,0.05
1,who,published knot,15,male,116,,,,50,,,0.05
1,who,published knot,15,male,126,,,,75,,,0.05
1,who,published knot,15,male,134,,,,90,,,0.05
1,who,published knot,15,male,139,,,,95,,,0.05
1,who,published knot,16,male,121,,,,5,,,0.05
1,who,published knot,16,male,127,,,,10,,,0.05
1,who,published knot,16,male,136,,,,25,,,0.05
1,who,published knot,16,male,146,,,,50,,,0.05
1,who,published knot,16,male,158,,,,75,,,0.05
1,who,published knot,16,male,169,,,,90,,,0.05
1,who,published knot,16,male,175,,,,95,,,0.05
1,who,published knot,17,male,152,,,,5,,,0.05
1,who,published knot,17,male,158,,,,10,,,0.05
1,who,published knot,17,male,170,,,,25,,,0.05
1,who,published knot,17,male,183,,,,50,,,0.05
1,who,published knot,17,male,197,,,,75,,,0.05
1,who,published knot,17,male,210,,,,90,,,0.05
1,who,published knot,17,male,219,,,,95,,,0.05
1,who,published knot,18,male,188,,,,5,,,0.05
1,who,published knot,18,male,196,,,,10,,,0.05
1,who,published knot,18,male,210,,,,25,,,0.05
1,who,published knot,18,male,226,,,,50,,,0.05
1,who,published knot,18,male,243,,,,75,,,0.05
1,who,published knot,18,male,260,,,,90,,,0.05
1,who,published knot,18,male,271,,,,95,,,0.05
1,who,published knot,19,male,232,,,,5,,,0.05
1,who,published knot,19,male,241,,,,10,,,0.05
1,who,published knot,19,male,258,,,,25,,,0.05
1,who,published knot,19,male,277,,,,50,,,0.05
1,who,published knot,19,male,298,,,,75,,,0.05
1,who,published knot,19,male,320,,,,90,,,0.05
1,who,published knot,19,male,333,,,,95,,,0.05
1,who,published knot,20,male,282,,,,5,,,0.05
1,who,published knot,20,male,293,,,,10,,,0.05
1,who,published knot,20,male,314,,,,25,,,0.05
1,who,published knot,20,male,337,,,,50,,,0.05
1,who,published knot,20,male,362,,,,75,,,0.05
1,who,published knot,20,male,389,,,,90,,,0.05
1,who,published knot,20,male,405,,,,95,,,0.05
1,who,published knot,21,male,341,,,,5,,,0.05
1,who,published knot,21,male,354,,,,10,,,0.05
1,who,published knot,21,male,380,,,,25,,,0.05
1,who,published knot,21,male,407,,,,50,,,0.05
1,who,published knot,21,male,436,,,,75,,,0.05
1,who,published knot,21,male,469,,,,90,,,0.05
1,who,published knot,21,male,489,,,,95,,,0.05
1,who,published knot,22,male,408,,,,5,,,0.05
1,who,published knot,22,male,424,,,,10,,,0.05
1,who,published knot,22,male,454,,,,25,,,0.05
1,who,published knot,22,male,487,,,,50,,,0.05
1,who,published knot,22,male,522,,,,75,,,0.05
1,who,published knot,22,male,561,,,,90,,,0.05
1,who,published knot,22,male,586,,,,95,,,0.05
1,who,published knot,23,male,484,,,,5,,,0.05
1,who,published knot,23,male,503,,,,10,,,0.05
1,who,published knot,23,male,539,,,,25,,,0.05
1,who,published knot,23,male,578,,,,50,,,0.05
1,who,published knot,23,male,619,,,,75,,,0.05
1,who,published knot,23,male,666,,,,90,,,0.05
1,who,published knot,23,male,695,,,,95,,,0.05
1,who,published knot,24,male,570,,,,5,,,0.05
1,who,published knot,24,male,592,,,,10,,,0.05
1,who,published knot,24,male,635,,,,25,,,0.05
1,who,published knot,24,male,681,,,,50,,,0.05
1,who,published knot,24,male,730,,,,75,,,0.05
1,who,published knot,24,male,785,,,,90,,,0.05
1,who,published knot,24,male,818,,,,95,,,0.05
1,who,published knot,25,male,666,,,,5,,,0.05
1,who,published knot,25,male,692,,,,10,,,0.05
1,who,published knot,25,male,742,,,,25,,,0.05
1,who,published knot,25,male,795,,,,50,,,0.05
1,who,published knot,25,male,853,,,,75,,,0.05
1,who,published knot,25,male,917,,,,90,,,0.05
1,who,published knot,25,male,956,,,,95,,,0.05
1,who,published knot,26,male,772,,,,5,,,0.05
1,who,published knot,26,male,803,,,,10,,,0.05
1,who,published knot,26,male,860,,,,25,,,0.05
1,who,published knot,26,male,923,,,,50,,,0.05
1,who,published knot,26,male,990,,,,75,,,0.05
1,who,published knot,26,male,1063,,,,90,,,0.05
1,who,published knot,26,male,1109,,,,95,,,0.05
1,who,published knot,27,male,888,,,,5,,,0.05
1,who,published knot,27,male,924,,,,10,,,0.05
1,who,published knot,27,male,989,,,,25,,,0.05
1,who,published knot,27,male,1063,,,,50,,,0.05
1,who,published knot,27,male,1141,,,,75,,,0.05
1,who,published knot,27,male,1224,,,,90,,,0.05
1,who,published knot,27,male,1276,,,,95,,,0.05
1,who,published knot,28,male,1014,,,,5,,,0.05
1,who,published knot,28,male,1055,,,,10,,,0.05
1,who,published knot,28,male,1129,,,,25,,,0.05
1,who,published knot,28,male,1215,,,,50,,,0.05
1,who,published knot,28,male,1305,,,,75,,,0.05
1,who,published knot,28,male,1399,,,,90,,,0.05
1,who,published knot,28,male,1458,,,,95,,,0.05
1,who,published knot,29,male,1149,,,,5,,,0.05
1,who,published knot,29,male,1197,,,,10,,,0.05
1,who,published knot,29,male,1281,,,,25,,,0.05
1,who,published knot,29,male,1379,,,,50,,,0.05
1,who,published knot,29,male,1482,,,,75,,,0.05
1,who,published knot,29,male,1587,,,,90,,,0.05
1,who,published knot,29,male,1654,,,,95,,,0.05
1,who,published knot,30,male,1293,,,,5,,,0.05
1,who,published knot,30,male,1349,,,,10,,,0.05
1,who,published knot,30,male,1442,,,,25,,,0.05
1,who,published knot,30,male,1555,,,,50,,,0.05
1,who,published knot,30,male,1672,,,,75,,,0.05
1,who,published knot,30,male,1788,,,,90,,,0.05
1,who,published knot,30,male,1863,,,,95,,,0.05
1,who,published knot,31,male,1445,,,,5,,,0.05
1,who,published knot,31,male,1509,,,,10,,,0.05
1,who,published knot,31,male,1613,,,,25,,,0.05
1,who,published knot,31,male,1741,,,,50,,,0.05
1,who,published knot,31,male,1874,,,,75,,,0.05
1,who,published knot,31,male,2000,,,,90,,,0.05
1,who,published knot,31,male,2085,,,,95,,,0.05
1,who,published knot,32,male,1605,,,,5,,,0.05
1,who,published knot,32,male,1677,,,,10,,,0.05
1,who,published knot,32,male,1793,,,,25,,,0.05
1,who,published knot,32,male,1937,,,,50,,,0.05
1,who,published knot,32,male,2085,,,,75,,,0.05
1,who,published knot,32,male,2224,,,,90,,,0.05
1,who,published knot,32,male,2319,,,,95,,,0.05
1,who,published knot,33,male,1770,,,,5,,,0.05
1,who,published knot,33,male,1852,,,,10,,,0.05
1,who,published knot,33,male,1980,,,,25,,,0.05
1,who,published knot,33,male,2140,,,,50,,,0.05
1,who,published knot,33,male,2306,,,,75,,,0.05
1,who,published knot,33,male,2456,,,,90,,,0.05
1,who,published knot,33,male,2562,,,,95,,,0.05
1,who,published knot,34,male,1941,,,,5,,,0.05
1,who,published knot,34,male,2032,,,,10,,,0.05
1,who,published knot,34,male,2174,,,,25,,,0.05
1,who,published knot,34,male,2350,,,,50,,,0.05
1,who,published knot,34,male,2534,,,,75,,,0.05
1,who,published knot,34,male,2694,,,,90,,,0.05
1,who,published knot,34,male,2814,,,,95,,,0.05
1,who,published knot,35,male,2114,,,,5,,,0.05
1,who,published knot,35,male,2217,,,,10,,,0.05
1,who,published knot,35,male,2372,,,,25,,,0.05
1,who,published knot,35,male,2565,,,,50,,,0.05
1,who,published knot,35,male,2767,,,,75,,,0.05
1,who,published knot,35,male,2938,,,,90,,,0.05
1,who,published knot,35,male,3072,,,,95,,,0.05
1,who,published knot,36,male,2290,,,,5,,,0.05
1,who,published knot,36,male,2404,,,,10,,,0.05
1,who,published knot,36,male,2574,,,,25,,,0.05
1,who,published knot,36,male,2783,,,,50,,,0.05
1,who,published knot,36,male,3002,,,,75,,,0.05
1,who,published knot,36,male,3185,,,,90,,,0.05
1,who,published knot,36,male,3334,,,,95,,,0.05
1,who,published knot,37,male,2466,,,,5,,,0.05
1,who,published knot,37,male,2591,,,,10,,,0.05
1,who,published knot,37,male,2777,,,,25,,,0.05
1,who,published knot,37,male,3001,,,,50,,,0.05
1,who,published knot,37,male,3238,,,,75,,,0.05
1,who,published knot,37,male,3432,,,,90,,,0.05
1,who,published knot,37,male,3598,,,,95,,,0.05
1,who,published knot,38,male,2641,,,,5,,,0.05
1,who,published knot,38,male,2778,,,,10,,,0.05
1,who,published knot,38,male,2981,,,,25,,,0.05
1,who,published knot,38,male,3218,,,,50,,,0.05
1,who,published knot,38,male,3472,,,,75,,,0.05
1,who,published knot,38,male,3676,,,,90,,,0.05
1,who,published knot,38,male,3863,,,,95,,,0.05
1,who,published knot,39,male,2813,,,,5,,,0.05
1,who,published knot,39,male,2962,,,,10,,,0.05
1,who,published knot,39,male,3183,,,,25,,,0.05
1,who,published knot,39,male,3432,,,,50,,,0.05
1,who,published knot,39,male,3701,,,,75,,,0.05
1,who,published knot,39,male,3916,,,,90,,,0.05
1,who,published knot,39,male,4125,,,,95,,,0.05
1,who,published knot,40,male,2981,,,,5,,,0.05
1,who,published knot,40,male,3142,,,,10,,,0.05
1,who,published knot,40,male,3382,,,,25,,,0.05
1,who,published knot,40,male,3639,,,,50,,,0.05
1,who,published knot,40,male,3923,,,,75,,,0.05
1,who,published knot,40,male,4149,,,,90,,,0.05
1,who,published knot,40,male,4383,,,,95,,,0.05
1,hadlock_1991_table,published Table 1 value,20,,248,,,,3,,,0.6
1,hadlock_1991_table,published Table 1 value,20,,275,,,,10,,,0.6
1,hadlock_1991_table,published Table 1 value,20,,331,,,,50,,,0.6
1,hadlock_1991_table,published Table 1 value,20,,387,,,,90,,,0.6
1,hadlock_1991_table,published Table 1 value,20,,414,,,,97,,,0.6
1,hadlock_1991_table,published Table 1 value,30,,1169,,,,3,,,0.6
1,hadlock_1991_table,published Table 1 value,30,,1294,,,,10,,,0.6
1,hadlock_1991_table,published Table 1 value,30,,1559,,,,50,,,0.6
1,hadlock_1991_table,published Table 1 value,30,,1824,,,,90,,,0.6
1,hadlock_1991_table,published Table 1 value,30,,1949,,,,97,,,0.6
1,hadlock_1991_table,published Table 1 value,32,,1465,,,,3,,,0.6
1,hadlock_1991_table,published Table 1 value,32,,1621,,,,10,,,0.6
1,hadlock_1991_table,published Table 1 value,32,,1953,,,,50,,,0.6
1,hadlock_1991_table,published Table 1 value,32,,2285,,,,90,,,0.6
1,hadlock_1991_table,published Table 1 value,32,,2441,,,,97,,,0.6
1,hadlock_1991_table,published Table 1 value,40,,2714,,,,3,,,0.6
1,hadlock_1991_table,published Table 1 value,40,,3004,,,,10,,,0.6
1,hadlock_1991_table,published Table 1 value,40,,3619,,,,50,,,0.6
1,hadlock_1991_table,published Table 1 value,40,,4234,,,,90,,,0.6
1,hadlock_1991_table,published Table 1 value,40,,4524,,,,97,,,0.6
1,hadlock_1991_variants,the equation (12.7%) and table (13.3%) variants must differ by this much,20,,300,,,,23.1,,-1.0,0.1
1,hadlock_1991_variants,the equation (12.7%) and table (13.3%) variants must differ by this much,30,,1200,,,,3.5,,-0.7,0.1
1,hadlock_1991_variants,the equation (12.7%) and table (13.3%) variants must differ by this much,32,,1600,,,,7.7,,-1.0,0.1
1,hadlock_1991_variants,the equation (12.7%) and table (13.3%) variants must differ by this much,36,,2300,,,,7.5,,-1.0,0.1
1,hadlock_1991_variants,the equation (12.7%) and table (13.3%) variants must differ by this much,40,,2900,,,,5.9,,-0.9,0.1
2,intergrowth,paper worked example,,,,26,29,,,1499,,1
2,intergrowth,"paper worked example, 3rd centile at 30w",30,,,,,3,,1106,,1
